"item_id","initially_scraped","user_id","title","currency_symbol","price","description","brand","label","size","gender","color1","status","photos","catalog_id","url","reserved_for_user_id","favourites","view_count","is_admin_alerted","active_bid_count"
"2169097894","2022-09-27 13:20:37.309401","79562987","Super cooles Mesh langarm Top mit Hackenverschlusse vorne ","‚Ç¨","69.00 ","Dursichtig, vorne doppellagig und blickdicht. Mit R√ºschen an den √Ñrmeln üòç super stretchy! 

!!VERSENDE AM N√ÑCHSTEN TAG!!


mehrere Artikel Kaufen = Rabatt bekommen:)

Antworte alle Fragen!

corsage korsage korsett negligee dessous valentinstag valentines day spagegttitop vintagetop vintagecorsage vintagekorsett 3 maria berlin berlinstyle crop spitze spitzentop lingerie unterw√§sche sexy cute transparent jordan uo princess mini sommer euphoria rue jules maddy tiktok angel angelic bratz barbie doll mall fairy fee cottage suisses cottagecore milkmaid low rise cargo prom bimbo feminin goth grunge deconstructed  coquette dollette dollz demonic goth mallgoth abiballkleid abschluss 

","Vintage","Vintage","M / 38 / 10","male","Brown","Very good","x","225","https://www.vinted.de/women/clothes/tops-and-t-shirts/three-fourths-sleeve-tops/2169097894-super-cooles-mesh-langarm-top-mit-hackenverschlusse-vorne",,"62","360","False","1"
"2243935649","2022-09-27 13:20:37.309418","79562987","Langarm corset Stil top mit spitze und Schn√ºrung vorne ","‚Ç¨","45.00 ","Stretchy 

!!VERSENDE AM N√ÑCHSTEN TAG!!

mehrere Artikel Kaufen = Rabatt bekommen:)

Antworte alle Fragen!

corsage korsage korsett negligee dessous valentinstag valentines day spagegttitop vintagetop vintagecorsage vintagekorsett 3 maria berlin berlinstyle crop spitze spitzentop lingerie unterw√§sche sexy cute transparent jordan uo princess mini sommer euphoria rue jules maddy tiktok angel angelic bratz barbie doll mall fairy fee cottage suisses cottagecore milkmaid low rise cargo prom bimbo feminin goth grunge deconstructed  coquette dollette dollz demonic goth mallgoth abiballkleid abschluss","Vintage","Vintage","M / 38 / 10","male","Black","Very good","x","224","https://www.vinted.de/women/clothes/tops-and-t-shirts/long-sleeved-tops/2243935649-langarm-corset-stil-top-mit-spitze-und-schnurung-vorne",,"5","80","False","0"
"2243901304","2022-09-27 13:20:37.309425","79562987","Vintage creme spitzen Corset top","‚Ç¨","49.00 ","70B, wie neu


!!VERSENDE AM N√ÑCHSTEN TAG!!

mehrere Artikel Kaufen = Rabatt bekommen:)

Antworte alle Fragen!

corsage korsage korsett negligee dessous valentinstag valentines day spagegttitop vintagetop vintagecorsage vintagekorsett 3 maria berlin berlinstyle crop spitze spitzentop lingerie unterw√§sche sexy cute transparent jordan uo princess mini sommer euphoria rue jules maddy tiktok angel angelic bratz barbie doll mall fairy fee cottage suisses cottagecore milkmaid low rise cargo prom bimbo feminin goth grunge deconstructed  coquette dollette dollz demonic goth mallgoth abiballkleid abschluss","Vintage","Vintage","XS / 34 / 6","male","White","Very good","x","1041","https://www.vinted.de/women/clothes/tops-and-t-shirts/crop-tops/2243901304-vintage-creme-spitzen-corset-top",,"13","79","False","0"
"2231614543","2022-09-27 13:20:37.309431","79562987","Rosa Mesh top mit b√ºgel ","‚Ç¨","19.00 ","Durchsichtig

!!VERSENDE AM N√ÑCHSTEN TAG!!

mehrere Artikel Kaufen = Rabatt bekommen:)

Antworte alle Fragen!

corsage korsage korsett negligee dessous valentinstag valentines day spagegttitop vintagetop vintagecorsage vintagekorsett 3 maria berlin berlinstyle crop spitze spitzentop lingerie unterw√§sche sexy cute transparent jordan uo princess mini sommer euphoria rue jules maddy tiktok angel angelic bratz barbie doll mall fairy fee cottage suisses cottagecore milkmaid low rise cargo prom bimbo feminin goth grunge deconstructed  coquette dollette dollz demonic goth mallgoth abiballkleid abschluss","Vintage","Vintage","M / 38 / 10","male","Rose","Very good","x","14","https://www.vinted.de/women/clothes/tops-and-t-shirts/camis/2231614543-rosa-mesh-top-mit-bugel",,"32","115","False","1"
"2230772237","2022-09-27 13:20:37.309436","79562987","S√º√ües Cami top cottagecore s/m","‚Ç¨","19.00 ","Bisschen durchsichtig 


!!VERSENDE AM N√ÑCHSTEN TAG!!

mehrere Artikel Kaufen = Rabatt bekommen:)

Antworte alle Fragen!

corsage korsage korsett negligee dessous valentinstag valentines day spagegttitop vintagetop vintagecorsage vintagekorsett 3 maria berlin berlinstyle crop spitze spitzentop lingerie unterw√§sche sexy cute transparent jordan uo princess mini sommer euphoria rue jules maddy tiktok angel angelic bratz barbie doll mall fairy fee cottage suisses cottagecore milkmaid low rise cargo prom bimbo feminin goth grunge deconstructed  coquette dollette dollz demonic goth mallgoth abiballkleid abschluss","Vintage","Vintage","S / 36 / 8","male","Beige","Very good","x","14","https://www.vinted.de/women/clothes/tops-and-t-shirts/camis/2230772237-susses-cami-top-cottagecore-sm",,"10","57","False","1"
"2228313117","2022-09-27 13:20:37.309442","79562987","Vintage elastisches Top mit eckigen Ausschnitt ","‚Ç¨","29.00 ","Nicht gecropped, M 

!!VERSENDE AM N√ÑCHSTEN TAG!!

mehrere Artikel Kaufen = Rabatt bekommen:)

Antworte alle Fragen!

corsage korsage korsett negligee dessous valentinstag valentines day spagegttitop vintagetop vintagecorsage vintagekorsett 3 maria berlin berlinstyle crop spitze spitzentop lingerie unterw√§sche sexy cute transparent jordan uo princess mini sommer euphoria rue jules maddy tiktok angel angelic bratz barbie doll mall fairy fee cottage suisses cottagecore milkmaid low rise cargo prom bimbo feminin goth grunge deconstructed  coquette dollette dollz demonic goth mallgoth abiballkleid abschluss","Vintage","Vintage","M / 38 / 10","male","Gold","Very good","x","14","https://www.vinted.de/women/clothes/tops-and-t-shirts/camis/2228313117-vintage-elastisches-top-mit-eckigen-ausschnitt",,"3","56","False","0"
"2227590009","2022-09-27 13:20:37.309446","79562987","Rosa Mesh corset top mit Erdbeeren, Schn√ºrung an den Seiten","‚Ç¨","49.00 ","Durchsichtig, stretchy, die Gr√∂√üe ist sehr gut verstellbar 


!!VERSENDE AM N√ÑCHSTEN TAG!!

mehrere Artikel Kaufen = Rabatt bekommen:)

Antworte alle Fragen!

corsage korsage korsett negligee dessous valentinstag valentines day spagegttitop vintagetop vintagecorsage vintagekorsett 3 maria berlin berlinstyle crop spitze spitzentop lingerie unterw√§sche sexy cute transparent jordan uo princess mini sommer euphoria rue jules maddy tiktok angel angelic bratz barbie doll mall fairy fee cottage suisses cottagecore milkmaid low rise cargo prom bimbo feminin goth grunge deconstructed  coquette dollette dollz demonic goth mallgoth abiballkleid abschluss","Vintage","Vintage","S / 36 / 8","male","Pink","Very good","x","1041","https://www.vinted.de/women/clothes/tops-and-t-shirts/crop-tops/2227590009-rosa-mesh-corset-top-mit-erdbeeren-schnurung-an-den-seiten",,"22","155","False","0"
"2211809195","2022-09-27 13:20:37.309451","79562987","Blaues Mesh cami top s/m","‚Ç¨","19.00 ","!!VERSENDE AM N√ÑCHSTEN TAG!!

mehrere Artikel Kaufen = Rabatt bekommen:)

Antworte alle Fragen!

corsage korsage korsett negligee dessous valentinstag valentines day spagegttitop vintagetop vintagecorsage vintagekorsett 3 maria berlin berlinstyle crop spitze spitzentop lingerie unterw√§sche sexy cute transparent jordan uo princess mini sommer euphoria rue jules maddy tiktok angel angelic bratz barbie doll mall fairy fee cottage suisses cottagecore milkmaid low rise cargo prom bimbo feminin goth grunge deconstructed  coquette dollette dollz demonic goth mallgoth abiballkleid abschluss","Vintage","Vintage","S / 36 / 8","male","Blue","Very good","x","14","https://www.vinted.de/women/clothes/tops-and-t-shirts/camis/2211809195-blaues-mesh-cami-top-sm",,"10","92","False","0"
"2211363636","2022-09-27 13:20:37.309456","79562987","Super s√º√ües rosa.mesh top ","‚Ç¨","29.00 ","Dursichtig, nicht gecropped

!!VERSENDE AM N√ÑCHSTEN TAG!!

mehrere Artikel Kaufen = Rabatt bekommen:)

Antworte alle Fragen!

corsage korsage korsett negligee dessous valentinstag valentines day spagegttitop vintagetop vintagecorsage vintagekorsett 3 maria berlin berlinstyle crop spitze spitzentop lingerie unterw√§sche sexy cute transparent jordan uo princess mini sommer euphoria rue jules maddy tiktok angel angelic bratz barbie doll mall fairy fee cottage suisses cottagecore milkmaid low rise cargo prom bimbo feminin goth grunge deconstructed  coquette dollette dollz demonic goth mallgoth abiballkleid abschluss
","Vintage","Vintage","M / 38 / 10","male","Rose","Very good","x","14","https://www.vinted.de/women/clothes/tops-and-t-shirts/camis/2211363636-super-susses-rosamesh-top",,"34","117","False","0"
"2209248437","2022-09-27 13:20:37.309462","79562987","90er Maxi Kleid mit mesh Oberlage mir Rosen,  rot und schwarz","‚Ç¨","49.00 ","Leider hat eine 'Kratze' im Mesh, sehe Fotos, aber das Kleid kann beiderseitig getragen werden, und ich hab die Kratzen immer hinten getragen 

!!VERSENDE AM N√ÑCHSTEN TAG!!

mehrere Artikel Kaufen = Rabatt bekommen:)

Antworte alle Fragen!

corsage korsage korsett negligee dessous valentinstag valentines day spagegttitop vintagetop vintagecorsage vintagekorsett 3 maria berlin berlinstyle crop spitze spitzentop lingerie unterw√§sche sexy cute transparent jordan uo princess mini sommer euphoria rue jules maddy tiktok angel angelic bratz barbie doll mall fairy fee cottage suisses cottagecore milkmaid low rise cargo prom bimbo feminin goth grunge deconstructed  coquette dollette dollz demonic goth mallgoth abiballkleid abschluss","true vintage","true vintage","S / 36 / 8","male","Black","Very good","x","1055","https://www.vinted.de/women/clothes/dresses/long-dresses/2209248437-90er-maxi-kleid-mit-mesh-oberlage-mir-rosen-rot-und-schwarz",,"125","573","False","2"
"2204591179","2022-09-27 13:20:37.309467","79562987","Vintage Minikleid/ negligee hellblau mit Blumen stickerei, durchsichtig ","‚Ç¨","39.00 ","Hat ein winziges Fleck hinten

!!VERSENDE AM N√ÑCHSTEN TAG!!

mehrere Artikel Kaufen = Rabatt bekommen:)

Antworte alle Fragen!

corsage korsage korsett negligee dessous valentinstag valentines day spagegttitop vintagetop vintagecorsage vintagekorsett 3 maria berlin berlinstyle crop spitze spitzentop lingerie unterw√§sche sexy cute transparent jordan uo princess mini sommer euphoria rue jules maddy tiktok angel angelic bratz barbie doll mall fairy fee cottage suisses cottagecore milkmaid low rise cargo prom bimbo feminin goth grunge deconstructed  coquette dollette dollz demonic goth mallgoth abiballkleid abschluss","Vintage","Vintage","S / 36 / 8","male","Turquoise","Very good","x","178","https://www.vinted.de/women/clothes/dresses/mini-dresses/2204591179-vintage-minikleid-negligee-hellblau-mit-blumen-stickerei-durchsichtig",,"7","92","False","0"
"2201771029","2022-09-27 13:20:37.309475","79562987","Vintage Mesh Mini Kleid mit Rosen muster ","‚Ç¨","39.00 ","Durchsichtig! Stretchy, Tr√§ger sind verstellbar.



!!VERSENDE AM N√ÑCHSTEN TAG!!

mehrere Artikel Kaufen = Rabatt bekommen:)

Antworte alle Fragen!

corsage korsage korsett negligee dessous valentinstag valentines day spagegttitop vintagetop vintagecorsage vintagekorsett 3 maria berlin berlinstyle crop spitze spitzentop lingerie unterw√§sche sexy cute transparent jordan uo princess mini sommer euphoria rue jules maddy tiktok angel angelic bratz barbie doll mall fairy fee cottage suisses cottagecore milkmaid low rise cargo prom bimbo feminin goth grunge deconstructed  coquette dollette dollz demonic goth mallgoth abiballkleid abschluss","Vintage","Vintage","S / 36 / 8","male","Beige","Very good","x","178","https://www.vinted.de/women/clothes/dresses/mini-dresses/2201771029-vintage-mesh-mini-kleid-mit-rosen-muster",,"27","116","False","0"
"2198825438","2022-09-27 13:20:37.309480","79562987","S√º√ües lila cami Top mit Spitze ","‚Ç¨","29.00 ","Stretchy, nicht gecropped, Tr√§ger sind verstellbar


!!VERSENDE AM N√ÑCHSTEN TAG!!

mehrere Artikel Kaufen = Rabatt bekommen:)

Antworte alle Fragen!

corsage korsage korsett negligee dessous valentinstag valentines day spagegttitop vintagetop vintagecorsage vintagekorsett 3 maria berlin berlinstyle crop spitze spitzentop lingerie unterw√§sche sexy cute transparent jordan uo princess mini sommer euphoria rue jules maddy tiktok angel angelic bratz barbie doll mall fairy fee cottage suisses cottagecore milkmaid low rise cargo prom bimbo feminin goth grunge deconstructed  coquette dollette dollz demonic goth mallgoth abiballkleid abschluss","Vintage","Vintage","S / 36 / 8","male","Purple","Very good","x","14","https://www.vinted.de/women/clothes/tops-and-t-shirts/camis/2198825438-susses-lila-cami-top-mit-spitze",,"60","252",,"1"
"2198227282","2022-09-27 13:20:37.309485","79562987","Super sch√∂nes wei√ües spitzen corset top ","‚Ç¨","49.00 ","70C, mit Hackenverschlusse hinten


!!VERSENDE AM N√ÑCHSTEN TAG!!

mehrere Artikel Kaufen = Rabatt bekommen:)

Antworte alle Fragen!

corsage korsage korsett negligee dessous valentinstag valentines day spagegttitop vintagetop vintagecorsage vintagekorsett 3 maria berlin berlinstyle crop spitze spitzentop lingerie unterw√§sche sexy cute transparent jordan uo princess mini sommer euphoria rue jules maddy tiktok angel angelic bratz barbie doll mall fairy fee cottage suisses cottagecore milkmaid low rise cargo prom bimbo feminin goth grunge deconstructed  coquette dollette dollz demonic goth mallgoth abiballkleid abschluss","true vintage","true vintage","XS / 34 / 6","male","White","Very good","x","228","https://www.vinted.de/women/clothes/tops-and-t-shirts/other-tops-and-t-shirts/2198227282-super-schones-weisses-spitzen-corset-top",,"31","228",,"0"
"2192196618","2022-09-27 13:20:37.309489","79562987","Vive Maria Baumwolle Top","‚Ç¨","55.00 ","Mit Mesh an dem Brustteil, gelb und schwarz. Mit Monogramm 'VM', stretchy, Gr√∂√üenetikett ist leider rausgeschnitten, muss aber M sein


!!VERSENDE AM N√ÑCHSTEN TAG!!

mehrere Artikel Kaufen = Rabatt bekommen:)

Antworte alle Fragen!

corsage korsage korsett negligee dessous valentinstag valentines day spagegttitop vintagetop vintagecorsage vintagekorsett 3 maria berlin berlinstyle crop spitze spitzentop lingerie unterw√§sche sexy cute transparent jordan uo princess mini sommer euphoria rue jules maddy tiktok angel angelic bratz barbie doll mall fairy fee cottage suisses cottagecore milkmaid low rise cargo prom bimbo feminin goth grunge deconstructed  coquette dollette dollz demonic goth mallgoth abiballkleid abschluss ","Vive Maria","Vive Maria","M / 38 / 10","male","Black","Very good","x","14","https://www.vinted.de/women/clothes/tops-and-t-shirts/camis/2192196618-vive-maria-baumwolle-top",,"15","154","False","1"
"2181638771","2022-09-27 13:20:37.309494","79562987","Fee mesh Lila Kleid doppellagig ","‚Ç¨","49.00 ","Stretchy! Tr√§ger sind nicht verstellbar.


!!VERSENDE AM N√ÑCHSTEN TAG!!

mehrere Artikel Kaufen = Rabatt bekommen:)

Antworte alle Fragen!

corsage korsage korsett negligee dessous valentinstag valentines day spagegttitop vintagetop vintagecorsage vintagekorsett 3 maria berlin berlinstyle crop spitze spitzentop lingerie unterw√§sche sexy cute transparent jordan uo princess mini sommer euphoria rue jules maddy tiktok angel angelic bratz barbie doll mall fairy fee cottage suisses cottagecore milkmaid low rise cargo prom bimbo feminin goth grunge deconstructed  coquette dollette dollz demonic goth mallgoth abiballkleid abschluss ","Vintage","Vintage","XS / 34 / 6","male","Purple","Very good","x","1065","https://www.vinted.de/women/clothes/dresses/summer-dresses/2181638771-fee-mesh-lila-kleid-doppellagig",,"14","69","False","0"
"2181588586","2022-09-27 13:20:37.309499","79562987","Schwarzes Mesh cami top mit Stickerei ","‚Ç¨","15.00 ","!!VERSENDE AM N√ÑCHSTEN TAG!!

mehrere Artikel Kaufen = Rabatt bekommen:)

Antworte alle Fragen!

corsage korsage korsett negligee dessous valentinstag valentines day spagegttitop vintagetop vintagecorsage vintagekorsett 3 maria berlin berlinstyle crop spitze spitzentop lingerie unterw√§sche sexy cute transparent jordan uo princess mini sommer euphoria rue jules maddy tiktok angel angelic bratz barbie doll mall fairy fee cottage suisses cottagecore milkmaid low rise cargo prom bimbo feminin goth grunge deconstructed  coquette dollette dollz demonic goth mallgoth abiballkleid abschluss ","Vintage","Vintage","M / 38 / 10","male","Black","Very good","x","14","https://www.vinted.de/women/clothes/tops-and-t-shirts/camis/2181588586-schwarzes-mesh-cami-top-mit-stickerei",,"51","235",,"1"
"2181130274","2022-09-27 13:20:37.309504","79562987","Beige Cami Top durchsichtig, stretchy ","‚Ç¨","25.00 ","!!VERSENDE AM N√ÑCHSTEN TAG!!

mehrere Artikel Kaufen = Rabatt bekommen:)

Antworte alle Fragen!

corsage korsage korsett negligee dessous valentinstag valentines day spagegttitop vintagetop vintagecorsage vintagekorsett 3 maria berlin berlinstyle crop spitze spitzentop lingerie unterw√§sche sexy cute transparent jordan uo princess mini sommer euphoria rue jules maddy tiktok angel angelic bratz barbie doll mall fairy fee cottage suisses cottagecore milkmaid low rise cargo prom bimbo feminin goth grunge deconstructed  coquette dollette dollz demonic goth mallgoth abiballkleid abschluss ","Vintage","Vintage","S / 36 / 8","male","Beige","Very good","x","14","https://www.vinted.de/women/clothes/tops-and-t-shirts/camis/2181130274-beige-cami-top-durchsichtig-stretchy",,"50","206",,"0"
"2180666069","2022-09-27 13:20:37.309508","79562987","Wei√ües Mesh cami top mit rosen muster und spitze","‚Ç¨","23.00 ","Sehr zart und romantisch, stretchy

!!VERSENDE AM N√ÑCHSTEN TAG!!


mehrere Artikel Kaufen = Rabatt bekommen:)

Antworte alle Fragen!

corsage korsage korsett negligee dessous valentinstag valentines day spagegttitop vintagetop vintagecorsage vintagekorsett 3 maria berlin berlinstyle crop spitze spitzentop lingerie unterw√§sche sexy cute transparent jordan uo princess mini sommer euphoria rue jules maddy tiktok angel angelic bratz barbie doll mall fairy fee cottage suisses cottagecore milkmaid low rise cargo prom bimbo feminin goth grunge deconstructed  coquette dollette dollz demonic goth mallgoth abiballkleid abschluss 

","Vintage","Vintage","M / 38 / 10","male","Red","Very good","x","14","https://www.vinted.de/women/clothes/tops-and-t-shirts/camis/2180666069-weisses-mesh-cami-top-mit-rosen-muster-und-spitze",,"20","89",,"0"
"2172966956","2022-09-27 13:20:37.309513","79562987","Y2K Kleid mit perlen asymmetrisch","‚Ç¨","59.00 ","Leicht durchsichtig 


!!VERSENDE AM N√ÑCHSTEN TAG!!


mehrere Artikel Kaufen = Rabatt bekommen:)

Antworte alle Fragen!

corsage korsage korsett negligee dessous valentinstag valentines day spagegttitop vintagetop vintagecorsage vintagekorsett 3 maria berlin berlinstyle crop spitze spitzentop lingerie unterw√§sche sexy cute transparent jordan uo princess mini sommer euphoria rue jules maddy tiktok angel angelic bratz barbie doll mall fairy fee cottage suisses cottagecore milkmaid low rise cargo prom bimbo feminin goth grunge deconstructed  coquette dollette dollz demonic goth mallgoth abiballkleid abschluss 

","Vintage","Vintage","S / 36 / 8","male","Black","Very good","x","1778","https://www.vinted.de/women/clothes/dresses/special-occasion-dresses/evening-dresses/2172966956-y2k-kleid-mit-perlen-asymmetrisch",,"34","313","False","0"
"2172772230","2022-09-27 13:20:37.309519","79562987","Kooka√Ø Mesh cami top Patchwork xs/s","‚Ç¨","39.00 ","Wie neu, nie getragen

!!VERSENDE AM N√ÑCHSTEN TAG!!


mehrere Artikel Kaufen = Rabatt bekommen:)

Antworte alle Fragen!

corsage korsage korsett negligee dessous valentinstag valentines day spagegttitop vintagetop vintagecorsage vintagekorsett 3 maria berlin berlinstyle crop spitze spitzentop lingerie unterw√§sche sexy cute transparent jordan uo princess mini sommer euphoria rue jules maddy tiktok angel angelic bratz barbie doll mall fairy fee cottage suisses cottagecore milkmaid low rise cargo prom bimbo feminin goth grunge deconstructed  coquette dollette dollz demonic goth mallgoth abiballkleid abschluss 

","Vintage","Vintage","S / 36 / 8","male","Apricot","Very good","x","14","https://www.vinted.de/women/clothes/tops-and-t-shirts/camis/2172772230-kookai-mesh-cami-top-patchwork-xss",,"29","172",,"0"
"2169577101","2022-09-27 13:20:37.309524","79562987","Y2K lila und schwarz spitzen corset top ","‚Ç¨","29.00 ","Unten stretchy, hinten mit Hackenverschlusse 


!!VERSENDE AM N√ÑCHSTEN TAG!!

mehrere Artikel Kaufen = Rabatt bekommen:)

Antworte alle Fragen!

corsage korsage korsett negligee dessous valentinstag valentines day spagegttitop vintagetop vintagecorsage vintagekorsett 3 maria berlin berlinstyle crop spitze spitzentop lingerie unterw√§sche sexy cute transparent jordan uo princess mini sommer euphoria rue jules maddy tiktok angel angelic bratz barbie doll mall fairy fee cottage suisses cottagecore milkmaid low rise cargo prom bimbo feminin goth grunge deconstructed  coquette dollette dollz demonic goth mallgoth abiballkleid abschluss","Vintage","Vintage","M / 38 / 10","male","Black","Very good","x","14","https://www.vinted.de/women/clothes/tops-and-t-shirts/camis/2169577101-y2k-lila-und-schwarz-spitzen-corset-top",,"15","72",,"0"
"2168216862","2022-09-27 13:20:37.309529","79562987","Blaue Mesh corset top mit Blumen stickerei und hacken vorne","‚Ç¨","45.00 ","80B/85A/75C

Achsel zu Saum 23 cm 
Mitte zu Saum(wo hacken sind) 19 cm
Achsel zu Achsel 38 cm

!!VERSENDE AM N√ÑCHSTEN TAG!!

mehrere Artikel Kaufen = Rabatt bekommen:)

Antworte alle Fragen!

corsage korsage korsett negligee dessous valentinstag valentines day spagegttitop vintagetop vintagecorsage vintagekorsett 3 maria berlin berlinstyle crop spitze spitzentop lingerie unterw√§sche sexy cute transparent jordan uo princess mini sommer euphoria rue jules maddy tiktok angel angelic bratz barbie doll mall fairy fee cottage suisses cottagecore milkmaid low rise cargo prom bimbo feminin goth grunge deconstructed  coquette dollette dollz demonic goth mallgoth abiballkleid abschluss

!!VERSENDE AM N√ÑCHSTEN TAG!!


mehrere Artikel Kaufen = Rabatt bekommen:)

Antworte alle Fragen!

corsage korsage korsett negligee dessous valentinstag valentines day spagegttitop vintagetop vintagecorsage vintagekorsett 3 maria berlin berlinstyle crop spitze spitzentop lingerie unterw√§sche sexy cute transparent jordan uo princess mini sommer euphoria rue jules maddy tiktok angel angelic bratz barbie doll mall fairy fee cottage suisses cottagecore milkmaid low rise cargo prom bimbo feminin goth grunge deconstructed  coquette dollette dollz demonic goth mallgoth abiballkleid abschluss 

","Vintage","Vintage","M / 38 / 10","male","Blue","Very good","x","1041","https://www.vinted.de/women/clothes/tops-and-t-shirts/crop-tops/2168216862-blaue-mesh-corset-top-mit-blumen-stickerei-und-hacken-vorne",,"49","276",,"1"
"2166748140","2022-09-27 13:20:37.309533","79562987","Vintage Hennes collection maxi kleid","‚Ç¨","35.00 ","Rei√üverschluss hinten, S/M, nicht stretchy


!!VERSENDE AM N√ÑCHSTEN TAG!!


mehrere Artikel Kaufen = Rabatt bekommen:)

Antworte alle Fragen!

corsage korsage korsett negligee dessous valentinstag valentines day spagegttitop vintagetop vintagecorsage vintagekorsett 3 maria berlin berlinstyle crop spitze spitzentop lingerie unterw√§sche sexy cute transparent jordan uo princess mini sommer euphoria rue jules maddy tiktok angel angelic bratz barbie doll mall fairy fee cottage suisses cottagecore milkmaid low rise cargo prom bimbo feminin goth grunge deconstructed  coquette dollette dollz demonic goth mallgoth abiballkleid abschluss
","Vintage","Vintage","M / 38 / 10","male","Red","Very good","x","1055","https://www.vinted.de/women/clothes/dresses/long-dresses/2166748140-vintage-hennes-collection-maxi-kleid",,"2","83","False","0"
"2160191624","2022-09-27 13:20:37.309538","79562987","Lingerie Top von Hunkem√∂ller hellblau mit brauner spitze, durchsichtig ","‚Ç¨","25.00 ","Super s√º√ü 


!!VERSENDE AM N√ÑCHSTEN TAG!!


mehrere Artikel Kaufen = Rabatt bekommen:)

Antworte alle Fragen!

corsage korsage korsett negligee dessous valentinstag valentines day spagegttitop vintagetop vintagecorsage vintagekorsett 3 maria berlin berlinstyle crop spitze spitzentop lingerie unterw√§sche sexy cute transparent jordan uo princess mini sommer euphoria rue jules maddy tiktok angel angelic bratz barbie doll mall fairy fee cottage suisses cottagecore milkmaid low rise cargo prom bimbo feminin goth grunge deconstructed  coquette dollette dollz demonic goth mallgoth abiballkleid abschluss
","Hunkem√∂ller","Hunkem√∂ller","S / 36 / 8","male","Brown","Very good","x","14","https://www.vinted.de/women/clothes/tops-and-t-shirts/camis/2160191624-lingerie-top-von-hunkemoller-hellblau-mit-brauner-spitze-durchsichtig",,"14","115","False","0"
"2156962189","2022-09-27 13:20:37.309543","79562987","Save the queen langarm Shirt ","‚Ç¨","59.00 ","Wie neu

!!VERSENDE AM N√ÑCHSTEN TAG!!


mehrere Artikel Kaufen = Rabatt bekommen:)

Antworte alle Fragen!

corsage korsage korsett negligee dessous valentinstag valentines day spagegttitop vintagetop vintagecorsage vintagekorsett 3 maria berlin berlinstyle crop spitze spitzentop lingerie unterw√§sche sexy cute transparent jordan uo princess mini sommer euphoria rue jules maddy tiktok angel angelic bratz barbie doll mall fairy fee cottage suisses cottagecore milkmaid low rise cargo prom bimbo feminin goth grunge deconstructed  coquette dollette dollz demonic goth mallgoth abiballkleid abschluss
","*Save the Queen!*","*Save the Queen!*","M / 38 / 10","male","Beige","Very good","x","224","https://www.vinted.de/women/clothes/tops-and-t-shirts/long-sleeved-tops/2156962189-save-the-queen-langarm-shirt",,"8","106","False","0"
"2154038396","2022-09-27 13:20:37.309548","79562987","Vintage Simone perele spitzen corset top ","‚Ç¨","49.00 ","75B/70C

!!VERSENDE AM N√ÑCHSTEN TAG!!


mehrere Artikel Kaufen = Rabatt bekommen:)

Antworte alle Fragen!

corsage korsage korsett negligee dessous valentinstag valentines day spagegttitop vintagetop vintagecorsage vintagekorsett 3 maria berlin berlinstyle crop spitze spitzentop lingerie unterw√§sche sexy cute transparent jordan uo princess mini sommer euphoria rue jules maddy tiktok angel angelic bratz barbie doll mall fairy fee cottage suisses cottagecore milkmaid low rise cargo prom bimbo feminin goth grunge deconstructed  coquette dollette dollz demonic goth mallgoth abiballkleid abschluss
","Vintage","Vintage","S / 36 / 8","male","Black","Very good","x","1041","https://www.vinted.de/women/clothes/tops-and-t-shirts/crop-tops/2154038396-vintage-simone-perele-spitzen-corset-top",,"34","206",,"0"
"2135622663","2022-09-27 13:20:37.309552","79562987","Schwarzes Mesh corset top mit Blumen stickerei","‚Ç¨","59.00 ","!!VERSENDE AM N√ÑCHSTEN TAG!!


mehrere Artikel Kaufen = Rabatt bekommen:)

Antworte alle Fragen!

corsage korsage korsett negligee dessous valentinstag valentines day spagegttitop vintagetop vintagecorsage vintagekorsett 3 maria berlin berlinstyle crop spitze spitzentop lingerie unterw√§sche sexy cute transparent jordan uo princess mini sommer euphoria rue jules maddy tiktok angel angelic bratz barbie doll mall fairy fee cottage suisses cottagecore milkmaid low rise cargo prom bimbo feminin goth grunge deconstructed  coquette dollette dollz demonic goth mallgoth abiballkleid abschluss","Vintage","Vintage","S / 36 / 8","male","Black","Very good","x","1041","https://www.vinted.de/women/clothes/tops-and-t-shirts/crop-tops/2135622663-schwarzes-mesh-corset-top-mit-blumen-stickerei",,"25","178",,"0"
"2135614988","2022-09-27 13:20:37.309557","79562987","True vintage wei√ües corset top ","‚Ç¨","35.00 ","!!VERSENDE AM N√ÑCHSTEN TAG!!


mehrere Artikel Kaufen = Rabatt bekommen:)

Antworte alle Fragen!

corsage korsage korsett negligee dessous valentinstag valentines day spagegttitop vintagetop vintagecorsage vintagekorsett 3 maria berlin berlinstyle crop spitze spitzentop lingerie unterw√§sche sexy cute transparent jordan uo princess mini sommer euphoria rue jules maddy tiktok angel angelic bratz barbie doll mall fairy fee cottage suisses cottagecore milkmaid low rise cargo prom bimbo feminin goth grunge deconstructed  coquette dollette dollz demonic goth mallgoth abiballkleid abschluss","Vintage","Vintage","M / 38 / 10","male","White","Very good","x","14","https://www.vinted.de/women/clothes/tops-and-t-shirts/camis/2135614988-true-vintage-weisses-corset-top",,"41","397",,"0"
"2135610798","2022-09-27 13:20:37.309562","79562987","Rotes/pinkes spitzen top ","‚Ç¨","29.00 ","Nicht gecropped! Hat leider einen zugen√§htes Loch vorne rechts, ein Foto wird bald beigef√ºgt. Es ist wegen Muster nicht auff√§llig!

!!VERSENDE AM N√ÑCHSTEN TAG!!


mehrere Artikel Kaufen = Rabatt bekommen:)

Antworte alle Fragen!

corsage korsage korsett negligee dessous valentinstag valentines day spagegttitop vintagetop vintagecorsage vintagekorsett 3 maria berlin berlinstyle crop spitze spitzentop lingerie unterw√§sche sexy cute transparent jordan uo princess mini sommer euphoria rue jules maddy tiktok angel angelic bratz barbie doll mall fairy fee cottage suisses cottagecore milkmaid low rise cargo prom bimbo feminin goth grunge deconstructed  coquette dollette dollz demonic goth mallgoth abiballkleid abschluss","Vintage","Vintage","S / 36 / 8","male","Pink","Good","x","14","https://www.vinted.de/women/clothes/tops-and-t-shirts/camis/2135610798-rotespinkes-spitzen-top",,"51","270",,"1"
"2135604426","2022-09-27 13:20:37.309566","79562987","Satin Baby blaues mini kleid ","‚Ç¨","35.00 ","Tr√§ger sind verstellbar M/L

!!VERSENDE AM N√ÑCHSTEN TAG!!


mehrere Artikel Kaufen = Rabatt bekommen:)

Antworte alle Fragen!

corsage korsage korsett negligee dessous valentinstag valentines day spagegttitop vintagetop vintagecorsage vintagekorsett 3 maria berlin berlinstyle crop spitze spitzentop lingerie unterw√§sche sexy cute transparent jordan uo princess mini sommer euphoria rue jules maddy tiktok angel angelic bratz barbie doll mall fairy fee cottage suisses cottagecore milkmaid low rise cargo prom bimbo feminin goth grunge deconstructed  coquette dollette dollz demonic goth mallgoth abiballkleid abschluss","Vintage","Vintage","M / 38 / 10","male","Turquoise","Very good","x","178","https://www.vinted.de/women/clothes/dresses/mini-dresses/2135604426-satin-baby-blaues-mini-kleid",,"27","149","False","1"
"2134161318","2022-09-27 13:20:37.309571","79562987","S√º√ües corset top mit Hackenverschlusse vorne","‚Ç¨","39.00 ","Sehr stretchy


!!VERSENDE AM N√ÑCHSTEN TAG!!


mehrere Artikel Kaufen = Rabatt bekommen:)

Antworte alle Fragen!

corsage korsage korsett negligee dessous valentinstag valentines day spagegttitop vintagetop vintagecorsage vintagekorsett 3 maria berlin berlinstyle crop spitze spitzentop lingerie unterw√§sche sexy cute transparent jordan uo princess mini sommer euphoria rue jules maddy tiktok angel angelic bratz barbie doll mall fairy fee cottage suisses cottagecore milkmaid low rise cargo prom bimbo feminin goth grunge deconstructed  coquette dollette dollz demonic goth mallgoth abiballkleid abschluss","Vintage","Vintage","M / 38 / 10","male","Black","Very good","x","221","https://www.vinted.de/women/clothes/tops-and-t-shirts/t-shirts/2134161318-susses-corset-top-mit-hackenverschlusse-vorne",,"29","124","False","0"
"2132686977","2022-09-27 13:20:37.309576","79562987","S√º√ües wei√ües corset top mit spitze","‚Ç¨","39.00 ","!!VERSENDE AM N√ÑCHSTEN TAG!!


mehrere Artikel Kaufen = Rabatt bekommen:)

Antworte alle Fragen!

corsage korsage korsett negligee dessous valentinstag valentines day spagegttitop vintagetop vintagecorsage vintagekorsett 3 maria berlin berlinstyle crop spitze spitzentop lingerie unterw√§sche sexy cute transparent jordan uo princess mini sommer euphoria rue jules maddy tiktok angel angelic bratz barbie doll mall fairy fee cottage suisses cottagecore milkmaid low rise cargo prom bimbo feminin goth grunge deconstructed  coquette dollette dollz demonic goth mallgoth abiballkleid abschluss","Vintage","Vintage","S / 36 / 8","male","White","Very good","x","14","https://www.vinted.de/women/clothes/tops-and-t-shirts/camis/2132686977-susses-weisses-corset-top-mit-spitze",,"33","196",,"0"
"2125865621","2022-09-27 13:20:37.309581","79562987","True 90er mesh Oberlage blaues mini Kleid ","‚Ç¨","39.00 ","Stretchy

!!VERSENDE AM N√ÑCHSTEN TAG!!


mehrere Artikel Kaufen = Rabatt bekommen:)

Antworte alle Fragen!

corsage korsage korsett negligee dessous valentinstag valentines day spagegttitop vintagetop vintagecorsage vintagekorsett 3 maria berlin berlinstyle crop spitze spitzentop lingerie unterw√§sche sexy cute transparent jordan uo princess mini sommer euphoria rue jules maddy tiktok angel angelic bratz barbie doll mall fairy fee cottage suisses cottagecore milkmaid low rise cargo prom bimbo feminin goth grunge deconstructed  coquette dollette dollz demonic goth mallgoth abiballkleid abschluss","Vintage","Vintage","S / 36 / 8","male","Blue","Good","x","178","https://www.vinted.de/women/clothes/dresses/mini-dresses/2125865621-true-90er-mesh-oberlage-blaues-mini-kleid",,"24","177","False","0"
"2125423204","2022-09-27 13:20:37.309586","79562987","Fairy vintage Kleid floral","‚Ç¨","39.00 ","!!VERSENDE AM N√ÑCHSTEN TAG!!


mehrere Artikel Kaufen = Rabatt bekommen:)

Antworte alle Fragen!

corsage korsage korsett negligee dessous valentinstag valentines day spagegttitop vintagetop vintagecorsage vintagekorsett 3 maria berlin berlinstyle crop spitze spitzentop lingerie unterw√§sche sexy cute transparent jordan uo princess mini sommer euphoria rue jules maddy tiktok angel angelic bratz barbie doll mall fairy fee cottage suisses cottagecore milkmaid low rise cargo prom bimbo feminin goth grunge deconstructed  coquette dollette dollz demonic goth mallgoth abiballkleid abschluss","Vintage","Vintage","S / 36 / 8","male","Beige","Very good","x","1056","https://www.vinted.de/women/clothes/dresses/midi-dresses/2125423204-fairy-vintage-kleid-floral",,"5","116","False","0"
"2109733982","2022-09-27 13:20:37.309590","79562987","Hacken top lila/Khaki/gelb/orange","‚Ç¨","19.00 ","Nicht stretchy! 


!!VERSENDE AM N√ÑCHSTEN TAG!!


mehrere Artikel Kaufen = Rabatt bekommen:)

Antworte alle Fragen!

corsage korsage korsett negligee dessous valentinstag valentines day spagegttitop vintagetop vintagecorsage vintagekorsett 3 maria berlin berlinstyle crop spitze spitzentop lingerie unterw√§sche sexy cute transparent jordan uo princess mini sommer euphoria rue jules maddy tiktok angel angelic bratz barbie doll mall fairy fee cottage suisses cottagecore milkmaid low rise cargo prom bimbo feminin goth grunge deconstructed  coquette dollette dollz demonic goth mallgoth abiballkleid abschluss","Vintage","Vintage","S / 36 / 8","male","Beige","Very good","x","1041","https://www.vinted.de/women/clothes/tops-and-t-shirts/crop-tops/2109733982-hacken-top-lilakhakigelborange",,"40","210","False","0"
"2109715685","2022-09-27 13:20:37.309595","79562987","Satin altrosa mit Mesh/spitze","‚Ç¨","35.00 ","Super s√º√ü

!!VERSENDE AM N√ÑCHSTEN TAG!!


mehrere Artikel Kaufen = Rabatt bekommen:)

Antworte alle Fragen!

corsage korsage korsett negligee dessous valentinstag valentines day spagegttitop vintagetop vintagecorsage vintagekorsett 3 maria berlin berlinstyle crop spitze spitzentop lingerie unterw√§sche sexy cute transparent jordan uo princess mini sommer euphoria rue jules maddy tiktok angel angelic bratz barbie doll mall fairy fee cottage suisses cottagecore milkmaid low rise cargo prom bimbo feminin goth grunge deconstructed  coquette dollette dollz demonic goth mallgoth abiballkleid abschluss","Vintage","Vintage","S / 36 / 8","male","Rose","Very good","x","14","https://www.vinted.de/women/clothes/tops-and-t-shirts/camis/2109715685-satin-altrosa-mit-meshspitze",,"50","203","False","0"
"2109710121","2022-09-27 13:20:37.309600","79562987","Fairy grunge goblin y2k mesh top ","‚Ç¨","29.00 ","True vintage, dehnbar 

!!VERSENDE AM N√ÑCHSTEN TAG!!


mehrere Artikel Kaufen = Rabatt bekommen:)

Antworte alle Fragen!

corsage korsage korsett negligee dessous valentinstag valentines day spagegttitop vintagetop vintagecorsage vintagekorsett 3 maria berlin berlinstyle crop spitze spitzentop lingerie unterw√§sche sexy cute transparent jordan uo princess mini sommer euphoria rue jules maddy tiktok angel angelic bratz barbie doll mall fairy fee cottage suisses cottagecore milkmaid low rise cargo prom bimbo feminin goth grunge deconstructed  coquette dollette dollz demonic goth mallgoth abiballkleid abschluss","Vintage","Vintage","M / 38 / 10","male","Pink","Very good","x","221","https://www.vinted.de/women/clothes/tops-and-t-shirts/t-shirts/2109710121-fairy-grunge-goblin-y2k-mesh-top",,"26","99",,"0"
"2109676967","2022-09-27 13:20:37.309605","79562987","Vamp Burgundrot samt corset top ","‚Ç¨","39.00 ","True vintage, die elastische B√ºnde sind nicht mehr so elastisch 

!!VERSENDE AM N√ÑCHSTEN TAG!!


mehrere Artikel Kaufen = Rabatt bekommen:)

Antworte alle Fragen!

corsage korsage korsett negligee dessous valentinstag valentines day spagegttitop vintagetop vintagecorsage vintagekorsett 3 maria berlin berlinstyle crop spitze spitzentop lingerie unterw√§sche sexy cute transparent jordan uo princess mini sommer euphoria rue jules maddy tiktok angel angelic bratz barbie doll mall fairy fee cottage suisses cottagecore milkmaid low rise cargo prom bimbo feminin goth grunge deconstructed  coquette dollette dollz demonic goth mallgoth abiballkleid abschluss
","Vintage","Vintage","S / 36 / 8","male","Red","Good","x","1041","https://www.vinted.de/women/clothes/tops-and-t-shirts/crop-tops/2109676967-vamp-burgundrot-samt-corset-top",,"69","262",,"0"
"2108960437","2022-09-27 13:20:37.309610","79562987","Rosa fairy corset top mit hacken und R√ºschen ","‚Ç¨","42.00 ","Stretchy, S/M

!!VERSENDE AM N√ÑCHSTEN TAG!!


mehrere Artikel Kaufen = Rabatt bekommen:)

Antworte alle Fragen!

corsage korsage korsett negligee dessous valentinstag valentines day spagegttitop vintagetop vintagecorsage vintagekorsett 3 maria berlin berlinstyle crop spitze spitzentop lingerie unterw√§sche sexy cute transparent jordan uo princess mini sommer euphoria rue jules maddy tiktok angel angelic bratz barbie doll mall fairy fee cottage suisses cottagecore milkmaid low rise cargo prom bimbo feminin goth grunge deconstructed  coquette dollette dollz demonic goth mallgoth abiballkleid abschluss ","Vintage","Vintage","S / 36 / 8","male","Pink","Very good","x","14","https://www.vinted.de/women/clothes/tops-and-t-shirts/camis/2108960437-rosa-fairy-corset-top-mit-hacken-und-ruschen",,"66","267",,"1"
"2106680269","2022-09-27 13:20:37.309614","79562987","Vintage schwarzes top ","‚Ç¨","35.00 ","Stretchy 

!!VERSENDE AM N√ÑCHSTEN TAG!!


mehrere Artikel Kaufen = Rabatt bekommen:)

Antworte alle Fragen!

corsage korsage korsett negligee dessous valentinstag valentines day spagegttitop vintagetop vintagecorsage vintagekorsett 3 maria berlin berlinstyle crop spitze spitzentop lingerie unterw√§sche sexy cute transparent jordan uo princess mini sommer euphoria rue jules maddy tiktok angel angelic bratz barbie doll mall fairy fee cottage suisses cottagecore milkmaid low rise cargo prom bimbo feminin goth grunge deconstructed  coquette dollette dollz demonic goth mallgoth abiballkleid abschluss 


","Vintage","Vintage","S / 36 / 8","male","Black","Very good","x","14","https://www.vinted.de/women/clothes/tops-and-t-shirts/camis/2106680269-vintage-schwarzes-top",,"40","249","False","0"
"2091379466","2022-09-27 13:20:37.309619","79562987","Corset top mit Spitze und Hackenverschlusse vorne ","‚Ç¨","29.00 ","Super sch√∂n, stretchy 

!!VERSENDE AM N√ÑCHSTEN TAG!!


mehrere Artikel Kaufen = Rabatt bekommen:)

Antworte alle Fragen!

corsage korsage korsett negligee dessous valentinstag valentines day spagegttitop vintagetop vintagecorsage vintagekorsett 3 maria berlin berlinstyle crop spitze spitzentop lingerie unterw√§sche sexy cute transparent jordan uo princess mini sommer euphoria rue jules maddy tiktok angel angelic bratz barbie doll mall fairy fee cottage suisses cottagecore milkmaid low rise cargo prom bimbo feminin goth grunge deconstructed  coquette dollette dollz demonic goth mallgoth abiballkleid abschluss 
","Vintage","Vintage","M / 38 / 10","male","Black","Very good","x","14","https://www.vinted.de/women/clothes/tops-and-t-shirts/camis/2091379466-corset-top-mit-spitze-und-hackenverschlusse-vorne",,"27","127",,"0"
"2089728320","2022-09-27 13:20:37.309624","79562987","True vintage rosa Baumwolle Kleid xxs/xs","‚Ç¨","49.00 ","Super s√º√ües Kleid von Hammerschmid



!!VERSENDE AM N√ÑCHSTEN TAG!!


mehrere Artikel Kaufen = Rabatt bekommen:)

Antworte alle Fragen!

corsage korsage korsett negligee dessous valentinstag valentines day spagegttitop vintagetop vintagecorsage vintagekorsett 3 maria berlin berlinstyle crop spitze spitzentop lingerie unterw√§sche sexy cute transparent jordan uo princess mini sommer euphoria rue jules maddy tiktok angel angelic bratz barbie doll mall fairy fee cottage suisses cottagecore milkmaid low rise cargo prom bimbo feminin goth grunge deconstructed  coquette dollette dollz demonic goth mallgoth abiballkleid abschluss 


","Vintage","Vintage","XS / 34 / 6","male","Pink","Very good","x","1065","https://www.vinted.de/women/clothes/dresses/summer-dresses/2089728320-true-vintage-rosa-baumwolle-kleid-xxsxs",,"5","73","False","0"
"2084570316","2022-09-27 13:20:37.309630","79562987","Pinkes babydoll Sommerkleid mit Schleife ","‚Ç¨","29.00 ","Rei√üverschluss an der Seite


!!VERSENDE AM N√ÑCHSTEN TAG!!


mehrere Artikel Kaufen = Rabatt bekommen:)

Antworte alle Fragen!

corsage korsage korsett negligee dessous valentinstag valentines day spagegttitop vintagetop vintagecorsage vintagekorsett 3 maria berlin berlinstyle crop spitze spitzentop lingerie unterw√§sche sexy cute transparent jordan uo princess mini sommer euphoria rue jules maddy tiktok angel angelic bratz barbie doll mall fairy fee cottage suisses cottagecore milkmaid low rise cargo prom bimbo feminin goth grunge deconstructed  coquette dollette dollz demonic goth mallgoth abiballkleid abschluss 
","Vintage","Vintage","M / 38 / 10","male","Pink","Very good","x","1065","https://www.vinted.de/women/clothes/dresses/summer-dresses/2084570316-pinkes-babydoll-sommerkleid-mit-schleife",,"3","68","False","0"
"2083264310","2022-09-27 13:20:37.309635","79562987","Kooka√Ø Mesh Oberlage Kleid ","‚Ç¨","49.00 ","Mit floralem Muster, super s√º√ü. Hat ein paar wingize 'kratzen', die nicht beim Tragen auff√§llig sind.


!!VERSENDE AM N√ÑCHSTEN TAG!!


mehrere Artikel Kaufen = Rabatt bekommen:)

Antworte alle Fragen!

corsage korsage korsett negligee dessous valentinstag valentines day spagegttitop vintagetop vintagecorsage vintagekorsett 3 maria berlin berlinstyle crop spitze spitzentop lingerie unterw√§sche sexy cute transparent jordan uo princess mini sommer euphoria rue jules maddy tiktok angel angelic bratz barbie doll mall fairy fee cottage suisses cottagecore milkmaid low rise cargo prom bimbo feminin goth grunge deconstructed  coquette dollette dollz demonic goth mallgoth abiballkleid abschluss ","Vintage","Vintage","S / 36 / 8","male","Blue","Very good","x","1065","https://www.vinted.de/women/clothes/dresses/summer-dresses/2083264310-kookai-mesh-oberlage-kleid",,"43","348","False","0"
"2081947316","2022-09-27 13:20:37.309640","79562987","Qipao/cheongsam - Style Minikleid, Schwaz mit Glitzer, stretchy ","‚Ç¨","59.00 ","Super schmeichelhaft 

!!VERSENDE AM N√ÑCHSTEN TAG!!


mehrere Artikel Kaufen = Rabatt bekommen:)

Antworte alle Fragen!

corsage korsage korsett negligee dessous valentinstag valentines day spagegttitop vintagetop vintagecorsage vintagekorsett 3 maria berlin berlinstyle crop spitze spitzentop lingerie unterw√§sche sexy cute durchsichtig transparent jordan uo princess mini sommer euphoria rue jules maddy tiktok angel angelic bratz barbie doll mall fairy fee cottage suisses cottagecore milkmaid low rise cargo prom bimbo feminin goth grunge deconstructed  coquette dollette dollz demonic goth mallgoth abiballkleid abschluss ","Vintage","Vintage","S / 36 / 8","male","Black","Very good","x","1058","https://www.vinted.de/women/clothes/dresses/little-black-dresses/2081947316-qipaocheongsam-style-minikleid-schwaz-mit-glitzer-stretchy",,"54","322",,"0"
"2081936090","2022-09-27 13:20:37.309644","79562987","Cottagecore gingham Sommerkleid hellblau","‚Ç¨","35.00 ","Mit einem Schlitz, Rei√üverschluss an der seite, Polyester!

!!VERSENDE AM N√ÑCHSTEN TAG!!


mehrere Artikel Kaufen = Rabatt bekommen:)

Antworte alle Fragen!

corsage korsage korsett negligee dessous valentinstag valentines day spagegttitop vintagetop vintagecorsage vintagekorsett 3 maria berlin berlinstyle crop spitze spitzentop lingerie unterw√§sche sexy cute durchsichtig transparent jordan uo princess mini sommer euphoria rue jules maddy tiktok angel angelic bratz barbie doll mall fairy fee cottage suisses cottagecore milkmaid low rise cargo prom bimbo feminin goth grunge deconstructed  coquette dollette dollz demonic goth mallgoth abiballkleid abschluss ","Vintage","Vintage","S / 36 / 8","male","Turquoise","New without tags","x","1065","https://www.vinted.de/women/clothes/dresses/summer-dresses/2081936090-cottagecore-gingham-sommerkleid-hellblau",,"30","169","False","3"
"2081883890","2022-09-27 13:20:37.309649","79562987","Super s√º√ües weiches Wei√ües Top mit spitze ","‚Ç¨","25.00 ","True vintage

!!VERSENDE AM N√ÑCHSTEN TAG!!


mehrere Artikel Kaufen = Rabatt bekommen:)

Antworte alle Fragen!

corsage korsage korsett negligee dessous valentinstag valentines day spagegttitop vintagetop vintagecorsage vintagekorsett 3 maria berlin berlinstyle crop spitze spitzentop lingerie unterw√§sche sexy cute durchsichtig transparent jordan uo princess mini sommer euphoria rue jules maddy tiktok angel angelic bratz barbie doll mall fairy fee cottage suisses cottagecore milkmaid low rise cargo prom bimbo feminin goth grunge deconstructed  coquette dollette dollz demonic goth mallgoth abiballkleid abschluss ","Vintage","Vintage","S / 36 / 8","male","White","Very good","x","14","https://www.vinted.de/women/clothes/tops-and-t-shirts/camis/2081883890-super-susses-weiches-weisses-top-mit-spitze",,"22","111",,"0"
"2081875729","2022-09-27 13:20:37.309654","79562987","Pastel Rosa Spitzenkleid / Negligee ","‚Ç¨","25.00 ","Durchsichtig!  K√∂rbchen 70B/75A

!!VERSENDE AM N√ÑCHSTEN TAG!!


mehrere Artikel Kaufen = Rabatt bekommen:)

Antworte alle Fragen!

corsage korsage korsett negligee dessous valentinstag valentines day spagegttitop vintagetop vintagecorsage vintagekorsett 3 maria berlin berlinstyle crop spitze spitzentop lingerie unterw√§sche sexy cute durchsichtig transparent jordan uo princess mini sommer euphoria rue jules maddy tiktok angel angelic bratz barbie doll mall fairy fee cottage suisses cottagecore milkmaid low rise cargo prom bimbo feminin goth grunge deconstructed  coquette dollette dollz demonic goth mallgoth abiballkleid abschluss 
","Vintage","Vintage","S / 36 / 8","male","Pink","Very good","x","178","https://www.vinted.de/women/clothes/dresses/mini-dresses/2081875729-pastel-rosa-spitzenkleid-negligee",,"17","151",,"0"
"2081333589","2022-09-27 13:20:37.309659","79562987","True vintage 50er BH Top","‚Ç¨","29.00 ","Super cool als Crop top, aber durchsichtig! W√ºrde auch cool auf einem anderen Top aussehen


!!VERSENDE AM N√ÑCHSTEN TAG!!


mehrere Artikel Kaufen = Rabatt bekommen:)

Antworte alle Fragen!

corsage korsage korsett negligee dessous valentinstag valentines day spagegttitop vintagetop vintagecorsage vintagekorsett 3 maria berlin berlinstyle crop spitze spitzentop lingerie unterw√§sche sexy cute transparent jordan uo princess mini sommer euphoria rue jules maddy tiktok angel angelic bratz barbie doll mall fairy fee cottage suisses cottagecore milkmaid low rise cargo prom bimbo feminin goth grunge deconstructed  coquette dollette dollz demonic goth mallgoth abiballkleid abschluss 
","Vintage","Vintage","S / 36 / 8","male","White","Good","x","1041","https://www.vinted.de/women/clothes/tops-and-t-shirts/crop-tops/2081333589-true-vintage-50er-bh-top",,"45","508",,"1"
"2080030122","2022-09-27 13:20:37.309663","79562987","S√º√ües rosa Mesh top ","‚Ç¨","29.00 ","Durchsichtig, stretchy 

!!VERSENDE AM N√ÑCHSTEN TAG!!


mehrere Artikel Kaufen = Rabatt bekommen:)

Antworte alle Fragen!

corsage korsage korsett negligee dessous valentinstag valentines day spagegttitop vintagetop vintagecorsage vintagekorsett 3 maria berlin berlinstyle crop spitze spitzentop lingerie unterw√§sche sexy cute durchsichtig transparent jordan uo princess mini sommer euphoria rue jules maddy tiktok angel angelic bratz barbie doll mall fairy fee cottage suisses cottagecore milkmaid low rise cargo prom bimbo feminin goth grunge deconstructed  coquette dollette dollz demonic goth mallgoth abiballkleid abschluss ","Vintage","Vintage","S / 36 / 8","male","Pink","Very good","x","14","https://www.vinted.de/women/clothes/tops-and-t-shirts/camis/2080030122-susses-rosa-mesh-top",,"45","153",,"1"
"2079663590","2022-09-27 13:20:37.309668","79562987","Vintage Midi Rock mit einer Schleife ","‚Ç¨","39.00 ","Super s√º√ü, doppellagig

!!VERSENDE AM N√ÑCHSTEN TAG!!


mehrere Artikel Kaufen = Rabatt bekommen:)

Antworte alle Fragen!

corsage korsage korsett negligee dessous valentinstag valentines day spagegttitop vintagetop vintagecorsage vintagekorsett 3 maria berlin berlinstyle crop spitze spitzentop lingerie unterw√§sche sexy cute durchsichtig transparent jordan uo princess mini sommer euphoria rue jules maddy tiktok angel angelic bratz barbie doll mall fairy fee cottage suisses cottagecore milkmaid low rise cargo prom bimbo feminin goth grunge deconstructed  coquette dollette dollz demonic goth mallgoth abiballkleid abschluss ","Vintage","Vintage","M / 38 / 10","male","Cream","Very good","x","199","https://www.vinted.de/women/clothes/skirts/midi-skirts/2079663590-vintage-midi-rock-mit-einer-schleife",,"20","181","False","0"
"2079658174","2022-09-27 13:20:37.309672","79562987","Kooka√Ø doppellagiges Mesh midi Kleid ","‚Ç¨","49.00 ","Stretchy, sehr schmeichelhaft 

!!VERSENDE AM N√ÑCHSTEN TAG!!


mehrere Artikel Kaufen = Rabatt bekommen:)

Antworte alle Fragen!

corsage korsage korsett negligee dessous valentinstag valentines day spagegttitop vintagetop vintagecorsage vintagekorsett 3 maria berlin berlinstyle crop spitze spitzentop lingerie unterw√§sche sexy cute durchsichtig transparent jordan uo princess mini sommer euphoria rue jules maddy tiktok angel angelic bratz barbie doll mall fairy fee cottage suisses cottagecore milkmaid low rise cargo prom bimbo feminin goth grunge deconstructed  coquette dollette dollz demonic goth mallgoth abiballkleid abschluss ","Vintage","Vintage","S / 36 / 8","male","Orange","Very good","x","1065","https://www.vinted.de/women/clothes/dresses/summer-dresses/2079658174-kookai-doppellagiges-mesh-midi-kleid",,"63","313","False","0"
"2075791721","2022-09-27 13:20:37.309677","79562987","Super s√º√ües hell blaues baby doll mit Mesh Oberlage und Spitze S/M","‚Ç¨","55.00 ","!!VERSENDE AM N√ÑCHSTEN TAG!!


mehrere Artikel Kaufen = Rabatt bekommen:)

Antworte alle Fragen!

corsage korsage korsett negligee dessous valentinstag valentines day spagegttitop vintagetop vintagecorsage vintagekorsett 3 maria berlin berlinstyle crop spitze spitzentop lingerie unterw√§sche sexy cute durchsichtig transparent jordan uo princess mini sommer euphoria rue jules maddy tiktok angel angelic bratz barbie doll mall fairy fee cottage suisses cottagecore milkmaid low rise cargo prom bimbo feminin goth grunge deconstructed  coquette dollette dollz demonic goth mallgoth abiballkleid abschluss ","Vintage","Vintage","S / 36 / 8","male","Turquoise","Very good","x","1065","https://www.vinted.de/women/clothes/dresses/summer-dresses/2075791721-super-susses-hell-blaues-baby-doll-mit-mesh-oberlage-und-spitze-sm",,"24","229","False","0"
"2075727644","2022-09-27 13:20:37.309682","79562987","S√º√üer hell gr√ºner fairy midi Rock","‚Ç¨","35.00 ","!!VERSENDE AM N√ÑCHSTEN TAG!!


mehrere Artikel Kaufen = Rabatt bekommen:)

Antworte alle Fragen!

corsage korsage korsett negligee dessous valentinstag valentines day spagegttitop vintagetop vintagecorsage vintagekorsett 3 maria berlin berlinstyle crop spitze spitzentop lingerie unterw√§sche sexy cute durchsichtig transparent jordan uo princess mini sommer euphoria rue jules maddy tiktok angel angelic bratz barbie doll mall fairy fee cottage suisses cottagecore milkmaid low rise cargo prom bimbo feminin goth grunge deconstructed  coquette dollette dollz demonic goth mallgoth abiballkleid abschluss ","Vintage","Vintage","M / 38 / 10","male","Green","Very good","x","199","https://www.vinted.de/women/clothes/skirts/midi-skirts/2075727644-susser-hell-gruner-fairy-midi-rock",,"14","105","False","0"
"2075310100","2022-09-27 13:20:37.309687","79562987","Super cooles true vintage 90er Mesh Oberlage blau und schwarzes minikleid","‚Ç¨","69.00 ","!!VERSENDE AM N√ÑCHSTEN TAG!!


mehrere Artikel Kaufen = Rabatt bekommen:)

Antworte alle Fragen!

corsage korsage korsett negligee dessous valentinstag valentines day spagegttitop vintagetop vintagecorsage vintagekorsett 3 maria berlin berlinstyle crop spitze spitzentop lingerie unterw√§sche sexy cute durchsichtig transparent jordan uo princess mini sommer euphoria rue jules maddy tiktok angel angelic bratz barbie doll mall fairy fee cottage suisses cottagecore milkmaid low rise cargo prom bimbo feminin goth grunge deconstructed  coquette dollette dollz demonic goth mallgoth abiballkleid abschluss ","Vintage","Vintage","S / 36 / 8","male","Black","Very good","x","178","https://www.vinted.de/women/clothes/dresses/mini-dresses/2075310100-super-cooles-true-vintage-90er-mesh-oberlage-blau-und-schwarzes-minikleid",,"98","607","False","1"
"2075292438","2022-09-27 13:20:37.309692","79562987","Super s√º√ües blaues Mesh top mit rosaner Spitze","‚Ç¨","39.00 ","!!VERSENDE AM N√ÑCHSTEN TAG!!


mehrere Artikel Kaufen = Rabatt bekommen:)

Antworte alle Fragen!

corsage korsage korsett negligee dessous valentinstag valentines day spagegttitop vintagetop vintagecorsage vintagekorsett 3 maria berlin berlinstyle crop spitze spitzentop lingerie unterw√§sche sexy cute durchsichtig transparent jordan uo princess mini sommer euphoria rue jules maddy tiktok angel angelic bratz barbie doll mall fairy fee cottage suisses cottagecore milkmaid low rise cargo prom bimbo feminin goth grunge deconstructed  coquette dollette dollz demonic goth mallgoth abiballkleid abschluss ","Vintage","Vintage","S / 36 / 8","male","Rose","Very good","x","14","https://www.vinted.de/women/clothes/tops-and-t-shirts/camis/2075292438-super-susses-blaues-mesh-top-mit-rosaner-spitze",,"42","122",,"0"
"2073334983","2022-09-27 13:20:37.309696","79562987","True Y2K schwarzes top, stretchy s/m","‚Ç¨","39.00 ","!!VERSENDE AM N√ÑCHSTEN TAG!!


mehrere Artikel Kaufen = Rabatt bekommen:)

Antworte alle Fragen!

corsage korsage korsett negligee dessous valentinstag valentines day spagegttitop vintagetop vintagecorsage vintagekorsett 3 maria berlin berlinstyle crop spitze spitzentop lingerie unterw√§sche sexy cute durchsichtig transparent jordan uo princess mini sommer euphoria rue jules maddy tiktok angel angelic bratz barbie doll mall fairy fee cottage suisses cottagecore milkmaid low rise cargo prom bimbo feminin goth grunge deconstructed  coquette dollette dollz demonic goth mallgoth abiballkleid abschluss ","Vintage","Vintage","S / 36 / 8","male","Black","Very good","x","1044","https://www.vinted.de/women/clothes/tops-and-t-shirts/halterneck-tops/2073334983-true-y2k-schwarzes-top-stretchy-sm",,"21","147",,"0"
"2073328803","2022-09-27 13:20:37.309701","79562987","Pink Mesh corset top mit gepolsterten K√∂rbchen ","‚Ç¨","45.00 ","Super s√º√ü, hat ein winziges Loch hinten, √ºberhaupt  nicht auff√§llig.


!!VERSENDE AM N√ÑCHSTEN TAG!!


mehrere Artikel Kaufen = Rabatt bekommen:)

Antworte alle Fragen!

corsage korsage korsett negligee dessous valentinstag valentines day spagegttitop vintagetop vintagecorsage vintagekorsett 3 maria berlin berlinstyle crop spitze spitzentop lingerie unterw√§sche sexy cute durchsichtig transparent jordan uo princess mini sommer euphoria rue jules maddy tiktok angel angelic bratz barbie doll mall fairy fee cottage suisses cottagecore milkmaid low rise cargo prom bimbo feminin goth grunge deconstructed  coquette dollette dollz demonic goth mallgoth abiballkleid abschluss ball  


","Vintage","Vintage","S / 36 / 8","male","Pink","Very good","x","14","https://www.vinted.de/women/clothes/tops-and-t-shirts/camis/2073328803-pink-mesh-corset-top-mit-gepolsterten-korbchen",,"25","120",,"0"
"2063991813","2022-09-27 13:20:37.309706","79562987","Wei√ües body aus Mesh/spitze ","‚Ç¨","35.00 ","Durchsichtig, nicht neu mit Etikett!!


!!VERSENDE AM N√ÑCHSTEN TAG!!

mehrere Artikel Kaufen = Rabatt Bekomen:)

Antworte alle Fragen!

corsage korsage korsett negligee dessous valentinstag valentines day spagegttitop vintagetop vintagecorsage vintagekorsett 3 maria berlin berlinstyle crop spitze spitzentop lingerie unterw√§sche sexy cute durchsichtig transparent jordan uo princess mini sommer euphoria rue jules maddy tiktok angel angelic bratz barbie doll mall fairy fee cottage suisses cottagecore milkmaid low rise cargo prom bimbo feminin goth grunge deconstructed  coquette dollette dollz demonic goth mallgoth abiballkleid abschluss ball  


","Vintage","Vintage","S / 36 / 8","male","White","New with tags","x","14","https://www.vinted.de/women/clothes/tops-and-t-shirts/camis/2063991813-weisses-body-aus-meshspitze",,"102","971",,"0"
"2054444731","2022-09-27 13:20:37.309711","79562987","Gell blaues satin Negligee mit spitze","‚Ç¨","15.00 ","Hat kratzen vorne , hinten unten durchsichtig 

!!VERSENDE AM N√ÑCHSTEN TAG!!

mehrere Artikel Kaufen = Rabatt Bekomen:)

Antworte alle Fragen!

corsage korsage korsett negligee dessous valentinstag valentines day spagegttitop vintagetop vintagecorsage vintagekorsett 3 maria berlin berlinstyle crop spitze spitzentop lingerie unterw√§sche sexy cute durchsichtig transparent jordan uo princess mini sommer euphoria rue jules maddy tiktok angel angelic bratz barbie doll mall fairy fee cottage suisses cottagecore milkmaid low rise cargo prom bimbo feminin goth grunge deconstructed  coquette dollette dollz demonic goth mallgoth abiballkleid abschluss ball  


","Vintage","Vintage","S / 36 / 8","male","Turquoise","Satisfactory","x","123","https://www.vinted.de/women/clothes/lingerie-and-nightwear/nightwear/2054444731-gell-blaues-satin-negligee-mit-spitze",,"116","858","False","5"
"2054424738","2022-09-27 13:20:37.309715","79562987","Senf farbend Boho Schichten Maxikleid ","‚Ç¨","29.00 ","Super f√ºr Sommer

!!VERSENDE AM N√ÑCHSTEN TAG!!

mehrere Artikel Kaufen = Rabatt Bekomen:)

Antworte alle Fragen!

corsage korsage korsett negligee dessous valentinstag valentines day spagegttitop vintagetop vintagecorsage vintagekorsett 3 maria berlin berlinstyle crop spitze spitzentop lingerie unterw√§sche sexy cute durchsichtig transparent jordan uo princess mini sommer euphoria rue jules maddy tiktok angel angelic bratz barbie doll mall fairy fee cottage suisses cottagecore milkmaid low rise cargo prom bimbo feminin goth grunge deconstructed  coquette dollette dollz demonic goth mallgoth abiballkleid abschluss ball  


","Vintage","Vintage","M / 38 / 10","male","Yellow","Very good","x","1065","https://www.vinted.de/women/clothes/dresses/summer-dresses/2054424738-senf-farbend-boho-schichten-maxikleid",,"8","59","False","0"
"2054406432","2022-09-27 13:20:37.309726","79562987","S√º√ües babydoll Mesh overlayer wei√ües top mit rosen","‚Ç¨","35.00 ","Stretchy, sehr schmeichelhaft ","Vintage","Vintage","M / 38 / 10","male","White","Very good","x","221","https://www.vinted.de/women/clothes/tops-and-t-shirts/t-shirts/2054406432-susses-babydoll-mesh-overlayer-weisses-top-mit-rosen",,"32","118","False","0"
"2045288332","2022-09-27 13:20:37.309731","79562987","Boho hellblaues Schichten Maxi Kleid aus Baumwolle ","‚Ç¨","79.00 ","Bodenlang(ich bin 174 cm), oben stretchy, Tr√§ger zum binden, passt mehreren gro√üen, sehr hochwertig

!!VERSENDE AM N√ÑCHSTEN TAG!!

mehrere Artikel Kaufen = Rabatt Bekomen:)

Antworte alle Fragen!

corsage korsage korsett negligee dessous valentinstag valentines day spagegttitop vintagetop vintagecorsage vintagekorsett 3 maria berlin berlinstyle crop spitze spitzentop lingerie unterw√§sche sexy cute durchsichtig transparent jordan uo princess mini sommer euphoria rue jules maddy tiktok angel angelic bratz barbie doll mall fairy fee cottage suisses cottagecore milkmaid low rise cargo prom bimbo feminin goth grunge deconstructed  coquette dollette dollz demonic goth mallgoth abiballkleid abschluss ball  



","Vintage","Vintage","One size","male","Blue","Very good","x","1055","https://www.vinted.de/women/clothes/dresses/long-dresses/2045288332-boho-hellblaues-schichten-maxi-kleid-aus-baumwolle",,"5","102","False","0"
"2045273345","2022-09-27 13:20:37.309736","79562987","Fairy cropped corset top ","‚Ç¨","39.00 ","75B/70C

!!VERSENDE AM N√ÑCHSTEN TAG!!

mehrere Artikel Kaufen = Rabatt Bekomen:)

Antworte alle Fragen!

corsage korsage korsett negligee dessous valentinstag valentines day spagegttitop vintagetop vintagecorsage vintagekorsett 3 maria berlin berlinstyle crop spitze spitzentop lingerie unterw√§sche sexy cute durchsichtig transparent jordan uo princess mini sommer euphoria rue jules maddy tiktok angel angelic bratz barbie doll mall fairy fee cottage suisses cottagecore milkmaid low rise cargo prom bimbo feminin goth grunge deconstructed  coquette dollette dollz demonic goth mallgoth abiballkleid abschluss ball  


","Vintage","Vintage","S / 36 / 8","male","Purple","Very good","x","1041","https://www.vinted.de/women/clothes/tops-and-t-shirts/crop-tops/2045273345-fairy-cropped-corset-top",,"43","215",,"0"
"2043470474","2022-09-27 13:20:37.309740","79562987","Fairy spitze Rosa Top mit Schn√ºrung optik ","‚Ç¨","55.00 ","!!VERSENDE AM N√ÑCHSTEN TAG!!

mehrere Artikel Kaufen = Rabatt Bekomen:)

Antworte alle Fragen!

corsage korsage korsett negligee dessous valentinstag valentines day spagegttitop vintagetop vintagecorsage vintagekorsett 3 maria berlin berlinstyle crop spitze spitzentop lingerie unterw√§sche sexy cute durchsichtig transparent jordan uo princess mini sommer euphoria rue jules maddy tiktok angel angelic bratz barbie doll mall fairy fee cottage suisses cottagecore milkmaid low rise cargo prom bimbo feminin goth grunge deconstructed  coquette dollette dollz demonic goth mallgoth abiballkleid abschluss ball  


","Vintage","Vintage","M / 38 / 10","male","Pink","Very good","x","14","https://www.vinted.de/women/clothes/tops-and-t-shirts/camis/2043470474-fairy-spitze-rosa-top-mit-schnurung-optik",,"60","316",,"1"
"2043432312","2022-09-27 13:20:37.309745","79562987","Wei√ües eyelet corset top mit Schn√ºrung optik","‚Ç¨","39.00 ","Mit Hackenverschlusse an der Seite, hinten mesh


!!VERSENDE AM N√ÑCHSTEN TAG!!

mehrere Artikel Kaufen = Rabatt Bekomen:)

Antworte alle Fragen!

corsage korsage korsett negligee dessous valentinstag valentines day spagegttitop vintagetop vintagecorsage vintagekorsett 3 maria berlin berlinstyle crop spitze spitzentop lingerie unterw√§sche sexy cute durchsichtig transparent jordan uo princess mini sommer euphoria rue jules maddy tiktok angel angelic bratz barbie doll mall fairy fee cottage suisses cottagecore milkmaid low rise cargo prom bimbo feminin goth grunge deconstructed  coquette dollette dollz demonic goth mallgoth abiballkleid abschluss ball  


","Vintage","Vintage","S / 36 / 8","male","White","Good","x","1041","https://www.vinted.de/women/clothes/tops-and-t-shirts/crop-tops/2043432312-weisses-eyelet-corset-top-mit-schnurung-optik",,"44","291",,"2"
"2027220352","2022-09-27 13:20:37.309750","79562987","I.am.gia ankaa wei√ües corset Top neu mit Etikett nie getragen ","‚Ç¨","39.00 ","Leider viel zu kleid


!!VERSENDE AM N√ÑCHSTEN TAG!!

mehrere Artikel Kaufen = Rabatt Bekomen:)

Antworte alle Fragen!

corsage korsage korsett negligee dessous valentinstag valentines day spagegttitop vintagetop vintagecorsage vintagekorsett 3 maria berlin berlinstyle crop spitze spitzentop lingerie unterw√§sche sexy cute durchsichtig transparent jordan uo princess mini sommer euphoria rue jules maddy tiktok angel angelic bratz barbie doll mall fairy fee cottage suisses cottagecore milkmaid low rise cargo prom bimbo feminin goth grunge deconstructed  coquette dollette dollz demonic goth mallgoth abiballkleid abschluss ball  


","I.AM.GIA ","I.AM.GIA ","S / 36 / 8","male","White","New with tags","x","1041","https://www.vinted.de/women/clothes/tops-and-t-shirts/crop-tops/2027220352-iamgia-ankaa-weisses-corset-top-neu-mit-etikett-nie-getragen",,"10","171","False","0"
"2018961957","2022-09-27 13:20:37.309755","79562987","Schwarzes Mesh corset top","‚Ç¨","25.00 ","70C, Hackenverschlusse hinten, die Schn√ºrung ist verstellbar 


!!VERSENDE AM N√ÑCHSTEN TAG!!

mehrere Artikel Kaufen = Rabatt Bekomen:)

Antworte alle Fragen!

corsage korsage korsett negligee dessous valentinstag valentines day spagegttitop vintagetop vintagecorsage vintagekorsett 3 maria berlin berlinstyle crop spitze spitzentop lingerie unterw√§sche sexy cute durchsichtig transparent jordan uo princess mini sommer euphoria rue jules maddy tiktok angel angelic bratz barbie doll mall fairy fee cottage suisses cottagecore milkmaid low rise cargo prom bimbo feminin goth grunge deconstructed  coquette dollette dollz demonic goth mallgoth abiballkleid abschluss ball  


","Vintage","Vintage","S / 36 / 8","male","Black","Very good","x","14","https://www.vinted.de/women/clothes/tops-and-t-shirts/camis/2018961957-schwarzes-mesh-corset-top",,"27","291",,"2"
"2018952669","2022-09-27 13:20:37.309759","79562987","Schwarzes spitzen Corset top 90B/95A","‚Ç¨","29.00 ","Durchsichtig 

!!VERSENDE AM N√ÑCHSTEN TAG!!

mehrere Artikel Kaufen = Rabatt Bekomen:)

Antworte alle Fragen!

corsage korsage korsett negligee dessous valentinstag valentines day spagegttitop vintagetop vintagecorsage vintagekorsett 3 maria berlin berlinstyle crop spitze spitzentop lingerie unterw√§sche sexy cute durchsichtig transparent jordan uo princess mini sommer euphoria rue jules maddy tiktok angel angelic bratz barbie doll mall fairy fee cottage suisses cottagecore milkmaid low rise cargo prom bimbo feminin goth grunge deconstructed  coquette dollette dollz demonic goth mallgoth abiballkleid abschluss ball  


","Vintage","Vintage","L / 40 / 12","male","Black","Very good","x","1041","https://www.vinted.de/women/clothes/tops-and-t-shirts/crop-tops/2018952669-schwarzes-spitzen-corset-top-90b95a",,"114","929",,"2"
"2017402333","2022-09-27 13:20:37.309764","79562987","Schwarzes Body mit spitze ","‚Ç¨","39.00 ","Wie neu

!!VERSENDE AM N√ÑCHSTEN TAG!!

mehrere Artikel Kaufen = Rabatt Bekomen:)

Antworte alle Fragen!

corsage korsage korsett negligee dessous valentinstag valentines day spagegttitop vintagetop vintagecorsage vintagekorsett 3 maria berlin berlinstyle crop spitze spitzentop lingerie unterw√§sche sexy cute durchsichtig transparent jordan uo princess mini sommer euphoria rue jules maddy tiktok angel angelic bratz barbie doll mall fairy fee cottage suisses cottagecore milkmaid low rise cargo prom bimbo feminin goth grunge deconstructed  coquette dollette dollz demonic goth mallgoth abiballkleid abschluss ball  


","Vintage","Vintage","S / 36 / 8","male","Black","Very good","x","1835","https://www.vinted.de/women/clothes/tops-and-t-shirts/bodysuits/2017402333-schwarzes-body-mit-spitze",,"43","923",,"0"
"2013754320","2022-09-27 13:20:37.309770","79562987","S√º√ües Cottagecore off-wei√ües Baumwolle Kleid ","‚Ç¨","45.00 ","Rei√üverschluss an der Seite

!!VERSENDE AM N√ÑCHSTEN TAG!!

mehrere Artikel Kaufen = Rabatt Bekomen:)

Antworte alle Fragen!

corsage korsage korsett negligee dessous valentinstag valentines day spagegttitop vintagetop vintagecorsage vintagekorsett 3 maria berlin berlinstyle crop spitze spitzentop lingerie unterw√§sche sexy cute durchsichtig transparent jordan uo princess mini sommer euphoria rue jules maddy tiktok angel angelic bratz barbie doll mall fairy fee cottage suisses cottagecore milkmaid low rise cargo prom bimbo feminin goth grunge deconstructed  coquette dollette dollz demonic goth mallgoth abiballkleid abschluss ball  

","Vintage","Vintage","S / 36 / 8","male","White","Good","x","1065","https://www.vinted.de/women/clothes/dresses/summer-dresses/2013754320-susses-cottagecore-off-weisses-baumwolle-kleid",,"30","209","False","0"
"2013566317","2022-09-27 13:20:37.309775","79562987","Fairy cottagecore t√ºrkis gehackeltes Top","‚Ç¨","35.00 ","Durchsichtig, super f√ºr layering S/M

!!VERSENDE AM N√ÑCHSTEN TAG!!

mehrere Artikel Kaufen = Rabatt Bekomen:)

Antworte alle Fragen!

corsage korsage korsett negligee dessous valentinstag valentines day spagegttitop vintagetop vintagecorsage vintagekorsett 3 maria berlin berlinstyle crop spitze spitzentop lingerie unterw√§sche sexy cute durchsichtig transparent jordan uo princess mini sommer euphoria rue jules maddy tiktok angel angelic bratz barbie doll mall fairy fee cottage suisses cottagecore milkmaid low rise cargo prom bimbo feminin goth grunge deconstructed  coquette dollette dollz demonic goth mallgoth abiballkleid abschluss ball  


","Vintage","Vintage","M / 38 / 10","male","Turquoise","Very good","x","228","https://www.vinted.de/women/clothes/tops-and-t-shirts/other-tops-and-t-shirts/2013566317-fairy-cottagecore-turkis-gehackeltes-top",,"0","41","False","0"
"2055599149","2022-09-27 13:20:37.309779","79562987","True vintage wei√ües Mini Kleid mit roten Bl√ºmchen nicht stretchy hinten zum binden","‚Ç¨","45.00 ","Einfach wundersch√∂n üòç leider mir zu kleinüò¢

!!VERSENDE AM N√ÑCHSTEN TAG!!

mehrere Artikel Kaufen = Rabatt Bekomen:)

Antworte alle Fragen!

corsage korsage korsett negligee dessous valentinstag valentines day spagegttitop vintagetop vintagecorsage vintagekorsett 3 maria berlin berlinstyle crop spitze spitzentop lingerie unterw√§sche sexy cute durchsichtig transparent jordan uo princess mini sommer euphoria rue jules maddy tiktok angel angelic bratz barbie doll mall fairy fee cottage suisses cottagecore milkmaid low rise cargo prom bimbo feminin goth grunge deconstructed  coquette dollette dollz demonic goth mallgoth abiballkleid abschluss ball  

","Vintage","Vintage","S / 36 / 8","male","Red","Very good","x","1065","https://www.vinted.de/women/clothes/dresses/summer-dresses/2055599149-true-vintage-weisses-mini-kleid-mit-roten-blumchen-nicht-stretchy-hinten-zum-binden",,"13","107","False","0"
"2005577164","2022-09-27 13:20:37.309784","79562987","Y2K Lila mesh/spitze corset top mit r√∂schen","‚Ç¨","39.00 ","75C/70D/80B

!!VERSENDE AM N√ÑCHSTEN TAG!!

mehrere Artikel Kaufen = Rabatt Bekomen:)

Antworte alle Fragen!

corsage korsage korsett negligee dessous valentinstag valentines day spagegttitop vintagetop vintagecorsage vintagekorsett 3 maria berlin berlinstyle crop spitze spitzentop lingerie unterw√§sche sexy cute durchsichtig transparent jordan uo princess mini sommer euphoria rue jules maddy tiktok angel angelic bratz barbie doll mall fairy fee cottage suisses cottagecore milkmaid low rise cargo prom bimbo feminin goth grunge deconstructed  coquette dollette dollz demonic goth mallgoth abiballkleid abschluss ball  

","Vintage","Vintage","S / 36 / 8","male","Purple","Very good","x","14","https://www.vinted.de/women/clothes/tops-and-t-shirts/camis/2005577164-y2k-lila-meshspitze-corset-top-mit-roschen",,"21","212",,"1"
"1994514860","2022-09-27 13:20:37.309790","79562987","S√º√ües Cottagecore Chiffon sommer Top ","‚Ç¨","29.00 ","Neu, nicht stretchy

!!VERSENDE AM N√ÑCHSTEN TAG!!

mehrere Artikel Kaufen = Rabatt Bekomen:)

Antworte alle Fragen!

corsage korsage korsett negligee dessous valentinstag valentines day spagegttitop vintagetop vintagecorsage vintagekorsett 3 maria berlin berlinstyle crop spitze spitzentop lingerie unterw√§sche sexy cute durchsichtig transparent jordan uo princess mini sommer euphoria rue jules maddy tiktok angel angelic bratz barbie doll mall fairy fee cottage suisses cottagecore milkmaid low rise cargo prom bimbo feminin goth grunge deconstructed  coquette dollette dollz demonic goth mallgoth abiballkleid abschluss ball  

","Vintage","Vintage","S / 36 / 8","male","Beige","Very good","x","14","https://www.vinted.de/women/clothes/tops-and-t-shirts/camis/1994514860-susses-cottagecore-chiffon-sommer-top",,"18","211","False","0"
"1992155130","2022-09-27 13:20:37.309795","79562987","S√º√ües milkmaid cottagecore wei√ües Baumwolle Mini Kleid eyelet achichtenkleid","‚Ç¨","39.00 ","!!VERSENDE AM N√ÑCHSTEN TAG!!

mehrere Artikel Kaufen = Rabatt Bekomen:)

Antworte alle Fragen!

corsage korsage korsett negligee dessous valentinstag valentines day spagegttitop vintagetop vintagecorsage vintagekorsett 3 maria berlin berlinstyle crop spitze spitzentop lingerie unterw√§sche sexy cute durchsichtig transparent jordan uo princess mini sommer euphoria rue jules maddy tiktok angel angelic bratz barbie doll mall fairy fee cottage suisses cottagecore milkmaid low rise cargo prom bimbo feminin goth grunge deconstructed  coquette dollette dollz demonic goth mallgoth abiballkleid abschluss ball  

","Vintage","Vintage","S / 36 / 8","male","White","Very good","x","1065","https://www.vinted.de/women/clothes/dresses/summer-dresses/1992155130-susses-milkmaid-cottagecore-weisses-baumwolle-mini-kleid-eyelet-achichtenkleid",,"14","198",,"0"
"1988267831","2022-09-27 13:20:37.309800","79562987","S√º√ües Y2K fairy mesh Corset top 75D/80C","‚Ç¨","49.00 ","Neuwertig

!!VERSENDE AM N√ÑCHSTEN TAG!!

mehrere Artikel Kaufen = Rabatt Bekomen:)

Antworte alle Fragen!

corsage korsage korsett negligee dessous valentinstag valentines day spagegttitop vintagetop vintagecorsage vintagekorsett 3 maria berlin berlinstyle crop spitze spitzentop lingerie unterw√§sche sexy cute durchsichtig transparent jordan uo princess mini sommer euphoria rue jules maddy tiktok angel angelic bratz barbie doll mall fairy fee cottage suisses cottagecore milkmaid low rise cargo prom bimbo feminin goth grunge deconstructed  coquette dollette dollz demonic goth mallgoth abiballkleid abschluss ball  

","Vintage","Vintage","S / 36 / 8","male","Cream","Very good","x","14","https://www.vinted.de/women/clothes/tops-and-t-shirts/camis/1988267831-susses-y2k-fairy-mesh-corset-top-75d80c",,"49","298",,"0"
"1986744299","2022-09-27 13:20:37.309805","79562987","Y2K Traumkleid aus Baumwolle gestreift mit Rei√üverschluss an der seite","‚Ç¨","45.00 ","Tr√§ger sind verstellbar 


!!VERSENDE AM N√ÑCHSTEN TAG!!

mehrere Artikel Kaufen = Rabatt Bekomen:)

Antworte alle Fragen!

corsage korsage korsett negligee dessous valentinstag valentines day spagegttitop vintagetop vintagecorsage vintagekorsett 3 maria berlin berlinstyle crop spitze spitzentop lingerie unterw√§sche sexy cute durchsichtig transparent jordan uo princess mini sommer euphoria rue jules maddy tiktok angel angelic bratz barbie doll mall fairy fee cottage suisses cottagecore milkmaid low rise cargo prom bimbo feminin goth grunge deconstructed  coquette dollette dollz demonic goth mallgoth abiballkleid abschluss ball  

","Vintage","Vintage","S / 36 / 8","male","Beige","Very good","x","1065","https://www.vinted.de/women/clothes/dresses/summer-dresses/1986744299-y2k-traumkleid-aus-baumwolle-gestreift-mit-reissverschluss-an-der-seite",,"73","567","False","1"
"1986364365","2022-09-27 13:20:37.309810","79562987","Super s√º√ües mesh Oberstoff rosa Babydoll Kleid mit polka dot muster ","‚Ç¨","35.00 ","!!VERSENDE AM N√ÑCHSTEN TAG!!

mehrere Artikel Kaufen = Rabatt Bekomen:)

Antworte alle Fragen!

corsage korsage korsett negligee dessous valentinstag valentines day spagegttitop vintagetop vintagecorsage vintagekorsett 3 maria berlin berlinstyle crop spitze spitzentop lingerie unterw√§sche sexy cute durchsichtig transparent jordan uo princess mini sommer euphoria rue jules maddy tiktok angel angelic bratz barbie doll mall fairy fee cottage suisses cottagecore milkmaid low rise cargo prom bimbo feminin goth grunge deconstructed  coquette dollette dollz demonic goth mallgoth abiballkleid abschluss ball  

","Vintage","Vintage","S / 36 / 8","male","Coral","Very good","x","1777","https://www.vinted.de/women/clothes/dresses/special-occasion-dresses/prom-dresses/1986364365-super-susses-mesh-oberstoff-rosa-babydoll-kleid-mit-polka-dot-muster",,"11","195","False","0"
"1986341652","2022-09-27 13:20:37.309815","79562987","Creme Sneaker 36 ","‚Ç¨","20.00 ","Super s√º√ü, neu, nie getragen 

!!VERSENDE AM N√ÑCHSTEN TAG!!

mehrere Artikel Kaufen = Rabatt Bekomen:)

Antworte alle Fragen!

corsage korsage korsett negligee dessous valentinstag valentines day spagegttitop vintagetop vintagecorsage vintagekorsett 3 maria berlin berlinstyle crop spitze spitzentop lingerie unterw√§sche sexy cute durchsichtig transparent jordan uo princess mini sommer euphoria rue jules maddy tiktok angel angelic bratz barbie doll mall fairy fee cottage suisses cottagecore milkmaid low rise cargo prom bimbo feminin goth grunge deconstructed  coquette dollette dollz demonic goth mallgoth abiballkleid abschluss ball  

","Jumex","Jumex","36","male","White","New without tags","x","214","https://www.vinted.de/women/shoes/sports-shoes/trainers/1986341652-creme-sneaker-36",,"1","40","False","0"
"1984187120","2022-09-27 13:20:37.309819","79562987","Y2K mesh mini Kleid XS/S, mit Pailletten an den Tr√§ger, stretchy, doppellagig","‚Ç¨","45.00 ","Ich bin 174 cm und mir ist leider zu kurz


!!VERSENDE AM N√ÑCHSTEN TAG!!

mehrere Artikel Kaufen = Rabatt Bekomen:)

Antworte alle Fragen!

corsage korsage korsett negligee dessous valentinstag valentines day spagegttitop vintagetop vintagecorsage vintagekorsett 3 maria berlin berlinstyle crop spitze spitzentop lingerie unterw√§sche sexy cute durchsichtig transparent jordan uo princess mini sommer euphoria rue jules maddy tiktok angel angelic bratz barbie doll mall fairy fee cottage suisses cottagecore milkmaid low rise cargo prom bimbo feminin goth grunge deconstructed  coquette dollette dollz demonic goth mallgoth abiballkleid abschluss ball  

","Vintage","Vintage","S / 36 / 8","male","Multi","Very good","x","178","https://www.vinted.de/women/clothes/dresses/mini-dresses/1984187120-y2k-mesh-mini-kleid-xss-mit-pailletten-an-den-trager-stretchy-doppellagig",,"17","281","False","0"
"1980402693","2022-09-27 13:20:37.309824","79562987","True vintage Y2K beige midi Kleid S/M","‚Ç¨","35.00 "," !!VERSENDE AM N√ÑCHSTEN TAG!!

mehrere Artikel Kaufen = Rabatt Bekomen:)

Antworte alle Fragen!

corsage korsage korsett negligee dessous valentinstag valentines day spagegttitop vintagetop vintagecorsage vintagekorsett maria berlin berlinstyle crop spitze spitzentop lingerie unterw√§sche sexy cute durchsichtig transparent jordan uo princess mini sommer euphoria rue jules maddy tiktok angel angelic bratz barbie doll mall goth grunge deconstructed  coquette dollette dollz demonic goth mallgoth abiballkleid abschluss ball ","Vintage","Vintage","M / 38 / 10","male","Beige","Very good","x","1777","https://www.vinted.de/women/clothes/dresses/special-occasion-dresses/prom-dresses/1980402693-true-vintage-y2k-beige-midi-kleid-sm",,"39","283","False","1"
"1980336775","2022-09-27 13:20:37.309829","79562987","Super s√º√üe Sommer Platform Flip Flops / slippers","‚Ç¨","50.00 ","Wie auf den Bildern - nie getragen, ein paar Staub Flecken, bisschen verf√§rbung an den Sohlen



!!VERSENDE AM N√ÑCHSTEN TAG!!

mehrere Artikel Kaufen = Rabatt Bekomen:)

Antworte alle Fragen!

corsage korsage korsett negligee dessous valentinstag valentines day spagegttitop vintagetop vintagecorsage vintagekorsett maria berlin berlinstyle crop spitze spitzentop lingerie unterw√§sche sexy cute durchsichtig transparent jordan uo princess mini sommer euphoria rue jules maddy tiktok angel angelic bratz barbie doll mall goth grunge deconstructed  coquette dollette dollz demonic goth mallgoth abiballkleid abschluss ball   platform Schuhe coconut coquette dollette fairy cute summer flipflops","Vintage","Vintage","38","male","Beige","Very good","x","215","https://www.vinted.de/women/shoes/slippers/1980336775-super-susse-sommer-platform-flip-flops-slippers",,"31","200","False","1"
"1970587233","2022-09-27 13:20:37.309834","79562987","besige mesh Corset Top aus mesh und sptze true y2k 75D/80C","‚Ç¨","39.00 ","!!VERSENDE AM N√ÑCHSTEN TAG!!

mehrere Artikel Kaufen = Rabatt Bekomen:)

Antworte alle Fragen!

corsage korsage korsett negligee dessous valentinstag valentines day spagegttitop vintagetop vintagecorsage vintagekorsett maria berlin berlinstyle crop spitze spitzentop lingerie unterw√§sche sexy cute durchsichtig transparent jordan uo princess mini sommer euphoria rue jules maddy tiktok angel angelic bratz barbie doll mall goth grunge deconstructed  coquette dollette dollz demonic goth mallgoth","Vintage","Vintage","S / 36 / 8","male","Beige","Very good","x","14","https://www.vinted.de/women/clothes/tops-and-t-shirts/camis/1970587233-besige-mesh-corset-top-aus-mesh-und-sptze-true-y2k-75d80c",,"49","384",,"2"
"1970579904","2022-09-27 13:20:37.309838","79562987","blaues ""jeans"" look cropped Corset top 75C/80B mit schnuerung detail ","‚Ç¨","39.00 ","!!VERSENDE AM N√ÑCHSTEN TAG!!

mehrere Artikel Kaufen = Rabatt Bekomen:)

Antworte alle Fragen!

corsage korsage korsett negligee dessous valentinstag valentines day spagegttitop vintagetop vintagecorsage vintagekorsett maria berlin berlinstyle crop spitze spitzentop lingerie unterw√§sche sexy cute durchsichtig transparent jordan uo princess mini sommer euphoria rue jules maddy tiktok angel angelic bratz barbie doll mall goth grunge deconstructed  coquette dollette dollz demonic goth mallgoth","Vintage","Vintage","S / 36 / 8","male","Blue","Very good","x","1041","https://www.vinted.de/women/clothes/tops-and-t-shirts/crop-tops/1970579904-blaues-jeans-look-cropped-corset-top-75c80b-mit-schnuerung-detail",,"54","362",,"1"
"1966067543","2022-09-27 13:20:37.309843","79562987","cooles y2k mesh Kleid hellblau doppellaegig nicht durchsichtig ","‚Ç¨","45.00 ","!!VERSENDE AM N√ÑCHSTEN TAG!!

mehrere Artikel Kaufen = Rabatt Bekomen:)

Antworte alle Fragen!

corsage korsage korsett negligee dessous valentinstag valentines day spagegttitop vintagetop vintagecorsage vintagekorsett maria berlin berlinstyle crop spitze spitzentop lingerie unterw√§sche sexy cute durchsichtig transparent jordan uo princess mini sommer euphoria rue jules maddy tiktok angel angelic bratz barbie doll mall goth grunge deconstructed  coquette dollette dollz demonic goth mallgoth abiballkleid Abiball abschlussball","Vintage","Vintage","S / 36 / 8","male","Turquoise","Very good","x","1065","https://www.vinted.de/women/clothes/dresses/summer-dresses/1966067543-cooles-y2k-mesh-kleid-hellblau-doppellaegig-nicht-durchsichtig",,"4","77","False","0"
"1966060087","2022-09-27 13:20:37.309847","79562987","beige/khaki mesh spitze Corset top mit hacken vorne ","‚Ç¨","45.00 ","Halbdurchsichtig, stretchy.


Achsel zu Achsel 30 cm
Taille 25 cm
Achsel zu Saum 25 cm
Vorne Mitte oben bis Saum 28 cm
 
Zum Vergleich, ich trage 75C, Brustumfang 95 cm, Taille 75 cm.

!!VERSENDE AM N√ÑCHSTEN TAG!!

mehrere Artikel Kaufen = Rabatt Bekomen:)

Antworte alle Fragen!

corsage korsage korsett negligee dessous valentinstag valentines day spagegttitop vintagetop vintagecorsage vintagekorsett maria berlin berlinstyle crop spitze spitzentop lingerie unterw√§sche sexy cute durchsichtig transparent jordan uo princess mini sommer euphoria rue jules maddy tiktok angel angelic bratz barbie doll mall goth grunge deconstructed  coquette dollette dollz demonic goth mallgoth","Vintage","Vintage","S / 36 / 8","male","Beige","Very good","x","1041","https://www.vinted.de/women/clothes/tops-and-t-shirts/crop-tops/1966060087-beigekhaki-mesh-spitze-corset-top-mit-hacken-vorne",,"141","729","False","2"
"1959899309","2022-09-27 13:20:37.309852","79562987","groovy pastel Sommer Mini Klied neckhalter, mit reissverschluss an er seite","‚Ç¨","45.00 ","!!VERSENDE AM N√ÑCHSTEN TAG!!

mehrere Artikel Kaufen = Rabatt Bekomen:)

Antworte alle Fragen!

corsage korsage korsett negligee dessous valentinstag valentines day spagegttitop vintagetop vintagecorsage vintagekorsett maria berlin berlinstyle crop spitze spitzentop lingerie unterw√§sche sexy cute durchsichtig transparent jordan uo princess mini sommer euphoria rue jules maddy tiktok angel angelic bratz barbie doll mall goth grunge deconstructed  coquette dollette dollz ","Vintage","Vintage","S / 36 / 8","male","Lilac","Very good","x","1065","https://www.vinted.de/women/clothes/dresses/summer-dresses/1959899309-groovy-pastel-sommer-mini-klied-neckhalter-mit-reissverschluss-an-er-seite",,"25","296","False","0"
"1954899398","2022-09-27 13:20:37.309857","79562987","coquette weisses Spitzen Corset Top mit rosa R√∂schen ","‚Ç¨","39.00 ","!!VERSENDE AM N√ÑCHSTEN TAG!!

mehrere Artikel Kaufen = Rabatt Bekomen:)

Antworte alle Fragen!

corsage korsage korsett negligee dessous valentinstag valentines day spagegttitop vintagetop vintagecorsage vintagekorsett berlin berlinstyle crop spitze spitzentop lingerie unterw√§sche sexy cute durchsichtig transparent jordan uo princess mini sommer euphoria rue jules maddy tiktok angel angelic bratz barbie doll mall goth grunge deconstructed archive dollette dainty cute cutesy kawaii boho","Vintage","Vintage","S / 36 / 8","male","White","Very good","x","1041","https://www.vinted.de/women/clothes/tops-and-t-shirts/crop-tops/1954899398-coquette-weisses-spitzen-corset-top-mit-rosa-roschen",,"82","801",,"1"
"1954889351","2022-09-27 13:20:37.309861","79562987","super suesses Mesh/Spitze Top y2k S/M","‚Ç¨","29.00 ","!!VERSENDE AM N√ÑCHSTEN TAG!!

mehrere Artikel Kaufen = Rabatt Bekomen:)

Antworte alle Fragen!

corsage korsage korsett negligee dessous valentinstag valentines day spagegttitop vintagetop vintagecorsage vintagekorsett berlin berlinstyle crop spitze spitzentop lingerie unterw√§sche sexy cute durchsichtig transparent jordan uo princess mini sommer euphoria rue jules maddy tiktok angel angelic bratz barbie doll mall goth grunge deconstructed archive coquette dollette ","Vintage","Vintage","S / 36 / 8","male","Turquoise","New without tags","x","14","https://www.vinted.de/women/clothes/tops-and-t-shirts/camis/1954889351-super-suesses-meshspitze-top-y2k-sm",,"112","1431",,"5"
"1953717928","2022-09-27 13:20:37.309866","79562987","True Vintage crene maxi kleid/ Negliee durchsichtig ","‚Ç¨","49.00 ","!!VERSENDE AM N√ÑCHSTEN TAG!!

mehrere Artikel Kaufen = Rabatt Bekomen:)

Antworte alle Fragen!

corsage korsage korsett negligee dessous valentinstag valentines day spagegttitop vintagetop vintagecorsage vintagekorsett berlin berlinstyle crop spitze spitzentop lingerie unterw√§sche sexy cute durchsichtig transparent jordan uo princess mini sommer euphoria rue jules maddy tiktok angel angelic bratz barbie doll mall goth grunge deconstructed archive dollette coquette ","Vintage","Vintage","S / 36 / 8","male","Beige","Very good","x","1055","https://www.vinted.de/women/clothes/dresses/long-dresses/1953717928-true-vintage-crene-maxi-kleid-negliee-durchsichtig",,"227","2717","False","4"
"1940156683","2022-09-27 13:20:37.309871","79562987","Parisian chic mesh Corset Top mit polka dot muster 75C/80B","‚Ç¨","35.00 ","!!VERSENDE AM N√ÑCHSTEN TAG!!

mehrere Artikel Kaufen = Rabatt Bekomen:)

Antworte alle Fragen!

corsage korsage korsett negligee dessous valentinstag valentines day spagegttitop vintagetop vintagecorsage vintagekorsett berlin berlinstyle crop spitze spitzentop lingerie unterw√§sche sexy cute durchsichtig transparent jordan uo princess mini sommer euphoria rue jules maddy tiktok angel angelic bratz barbie doll mall goth grunge deconstructed archive dollette coquette","Vintage","Vintage","S / 36 / 8","male","Black","Very good","x","1041","https://www.vinted.de/women/clothes/tops-and-t-shirts/crop-tops/1940156683-parisian-chic-mesh-corset-top-mit-polka-dot-muster-75c80b",,"83","601",,"0"
